duration_sector_1,duration_sector_2,duration_sector_3,i1_speed,i2_speed,st_speed,segments_sector_1,segments_sector_2,segments_sector_3,tyre_age_at_start,compound_HARD,compound_MEDIUM,compound_SOFT,air_temperature,humidity,pressure,rainfall,track_temperature,wind_direction,wind_speed,laps_since_stint_start,stint_avg_pace,target
-0.5213980519321181,-0.5788191427683669,-0.6658335436524069,0.7047901600903493,0.6943801542662319,0.320265078994493,10.0,11.0,7.0,0.0,0.0,1.0,0.0,-1.0442911924132594,0.267531043144053,2.670448779468032,0.0,0.1787395937337656,76,-0.6775595529837853,2.0,-0.7189419232122758,0.9131847733871372
-0.0364638669945463,1.7406619848357707,0.3640140391096207,-0.4392779913304645,-0.9111374565902494,-0.1798038132985286,10.0,11.0,7.0,0.0,0.0,1.0,0.0,-1.0442911924132594,0.267531043144053,2.670448779468032,0.0,0.1787395937337656,76,-0.6775595529837853,2.0,0.2432540690544291,-0.5926675818225666
-0.6779848355890568,-0.776394548036864,-0.7492237314784768,0.7435721313249531,0.8165391029183554,0.6996276869409233,10.0,11.0,7.0,0.0,0.0,1.0,0.0,-1.0442911924132594,0.267531043144053,2.670448779468032,0.0,0.1787395937337656,76,-0.6775595529837853,2.0,0.0169356290564755,-0.6433736848110294
-0.644045727663413,-0.7193117410352561,-0.6965562444304325,0.801745088176859,0.851441659676105,0.7341151967542351,10.0,11.0,6.0,0.0,1.0,0.0,0.0,-1.0442911924132594,0.267531043144053,2.670448779468032,0.0,0.1787395937337656,76,-0.6775595529837853,2.0,0.3465351290219734,-0.4361633973624461
-0.4929358899944749,-0.6653455240710919,-0.7745664201386919,0.762963116942255,0.764185267781731,0.958284010540762,10.0,11.0,7.0,0.0,1.0,0.0,0.0,-1.0442911924132594,0.267531043144053,2.670448779468032,0.0,0.1787395937337656,76,-0.6775595529837853,2.0,0.2309652607108773,-0.5330419189910861
-0.6484452416537742,-0.6689542072723433,-0.7564442740576445,0.8405270594114628,0.7292827110239815,0.5961651575009878,10.0,11.0,6.0,0.0,1.0,0.0,0.0,-1.0442911924132594,0.267531043144053,2.670448779468032,0.0,0.1787395937337656,76,-0.6775595529837853,2.0,-0.4939564246693079,0.7043351819978253
0.4908493098501794,0.8969682554887267,-0.4584199185841679,-1.3312633297263532,-0.684270837664877,-0.4729476467116792,10.0,11.0,7.0,0.0,0.0,1.0,0.0,-0.3685453020548533,0.0976666373720728,2.0963948877558067,0.0,0.9244313635408176,16,0.4836760049392088,3.0,-0.2050648315802564,1.5284892452395276
1.2121002462700123,1.1807419799507437,1.4179300971355395,-1.7578650133069955,-2.097824386353736,-1.317891637137819,10.0,11.0,7.0,0.0,1.0,0.0,0.0,-0.3685453020548533,0.0976666373720728,2.0963948877558067,0.0,0.9244313635408176,16,0.4836760049392088,3.0,-0.3890858476615456,-0.6489419232122757
-0.5738330758172401,-0.6483683099197515,-0.686787275058618,0.7435721313249531,0.851441659676105,0.4754588731543963,10.0,11.0,7.0,0.0,0.0,1.0,0.0,-0.3685453020548533,0.0976666373720728,2.0963948877558067,0.0,0.9244313635408176,16,0.4836760049392088,3.0,-0.6596166415537497,1.6726194863676531
1.407205223842562,1.63953683967344,0.3338576553966275,-1.971165855097317,-1.6440911485029908,-0.6281414408715825,10.0,11.0,7.0,0.0,1.0,0.0,0.0,-0.3685453020548533,0.0976666373720728,2.0963948877558067,0.0,0.9244313635408176,16,0.4836760049392088,3.0,-0.0752894369648511,-0.5054124444300594
-0.5018247039750011,-0.6803543655672044,-0.7318094817287201,0.762963116942255,0.7292827110239815,0.4927026280610522,10.0,11.0,7.0,0.0,1.0,0.0,0.0,-0.3685453020548533,0.0976666373720728,2.0963948877558067,0.0,0.9244313635408176,16,0.4836760049392088,3.0,-0.5064823195815131,-0.6951838437948981
-0.7327542954690639,-0.7800852467654164,-0.7790969566589538,0.8211360737941609,0.938698051570479,0.7513589516608911,10.0,11.0,7.0,0.0,0.0,1.0,0.0,-0.2934624253483626,0.6072598546880135,1.4585572302977623,0.0,0.5993862331121026,71,-1.6065479993221807,4.0,0.022355006051864,-0.6303390580833321
-0.6814864895813852,-0.7025805734658191,-0.7492237314784768,0.801745088176859,0.7467339894028563,0.5616776476876759,10.0,11.0,7.0,0.0,1.0,0.0,0.0,-0.2934624253483626,0.6072598546880135,1.4585572302977623,0.0,0.5993862331121026,71,-1.6065479993221807,4.0,-0.4884969968508587,-0.7328984610530758
-0.6748423255959416,-0.720788020526677,-0.7190673477654835,0.6660081888557454,0.8165391029183554,0.8720652360074824,10.0,11.0,7.0,0.0,1.0,0.0,0.0,-0.2934624253483626,0.6072598546880135,1.4585572302977623,0.0,0.5993862331121026,71,-1.6065479993221807,4.0,0.3530433877693222,-0.5921850557673092
-0.6913629495597471,-0.7145548404517887,-0.7010867809506944,0.8793090306460667,0.9910518867071034,0.941040255634106,10.0,11.0,7.0,0.0,1.0,0.0,0.0,-0.2934624253483626,0.6072598546880135,1.4585572302977623,0.0,0.5993862331121026,71,-1.6065479993221807,4.0,0.2432540690544291,1.29761435952812
0.2588422863584764,1.53152239021781,1.3130198608382255,-0.2453681351574452,-2.045470551217111,0.3892400986211167,10.0,11.0,7.0,0.0,0.0,1.0,0.0,-0.2934624253483626,0.0976666373720728,0.948287104331356,0.0,0.3317020080531611,40,-0.6775595529837853,5.0,-0.3156113611686389,1.1979309511046172
0.7549997212714601,1.1815621352237555,0.6269267365510676,-0.7301427755899934,-1.5219321998508673,-0.5419226663383029,10.0,11.0,7.0,0.0,1.0,0.0,0.0,-0.2934624253483626,0.0976666373720728,0.948287104331356,0.0,0.3317020080531611,40,-0.6775595529837853,5.0,-0.0174767890701317,0.4540146028794685
0.3537460881505546,0.3044880862651383,0.4965322323272805,-0.2453681351574452,-0.5795631673916282,-0.9212852742847332,10.0,11.0,7.0,0.0,1.0,0.0,0.0,-0.2934624253483626,0.0976666373720728,0.948287104331356,0.0,0.3317020080531611,40,-0.6775595529837853,5.0,-0.0542609668748592,0.8709924052886079
0.8579842630458342,1.003424409925634,-0.1967814345390443,-0.9628346029976166,-0.9809425701057484,-1.0419915586313246,10.0,11.0,7.0,0.0,0.0,1.0,0.0,-0.3685453020548533,0.0976666373720728,0.3104494468733118,0.0,0.2169801973136143,69,-0.5614359971914861,6.0,-0.2503410354620536,-0.7042815609783605
-0.6783439795882701,-0.719721818671762,-0.7394547621066623,0.762963116942255,0.764185267781731,0.54443389278102,10.0,11.0,6.0,0.0,1.0,0.0,0.0,-0.3685453020548533,0.0976666373720728,0.3104494468733118,0.0,0.2169801973136143,69,-0.5614359971914861,6.0,-0.487708496271853,-0.6930116736417711
-0.6534732576427584,-0.7652404363239065,-0.7895738223620591,0.6660081888557454,1.0434057218437278,0.7168714418475792,10.0,11.0,7.0,0.0,1.0,0.0,0.0,-0.3685453020548533,0.0976666373720728,0.3104494468733118,0.0,0.2169801973136143,69,-0.5614359971914861,6.0,0.2476578716079237,1.4985637708839292
1.088105780541668,2.195520099248011,-0.2511478727821868,-0.7883157324418992,-1.4346758079564932,-0.7660914801248299,10.0,11.0,7.0,0.0,1.0,0.0,0.0,-0.4436281787613427,-0.0721977683999073,-0.0084693818557103,0.0,0.0640177829942189,15,0.5997995607315083,7.0,-0.0704243347528905,-0.7856904521998407
-0.6810375595823689,-0.7942739329885175,-0.7815038041853428,0.8405270594114628,0.9561493299493538,0.4582151182477404,10.0,11.0,7.0,0.0,0.0,1.0,0.0,-0.4436281787613427,-0.0721977683999073,-0.0084693818557103,0.0,0.0640177829942189,15,0.5997995607315083,7.0,0.0199394407860211,-0.7592193613332199
-0.72745692148067,-0.7308759303847197,-0.7179347136354182,0.8793090306460667,0.7990878245394806,0.941040255634106,10.0,11.0,6.0,0.0,1.0,0.0,0.0,-0.4436281787613427,-0.0721977683999073,-0.0084693818557103,0.0,0.0640177829942189,15,0.5997995607315083,7.0,-0.4837209362008811,-0.5554538764809615
-0.6061560357464246,-0.6648534309072849,-0.1228770575522726,0.5690532607692358,0.7292827110239815,0.320265078994493,10.0,11.0,7.0,0.0,0.0,1.0,0.0,-0.4436281787613427,0.6072598546880135,-0.1360369133473482,0.0,-0.1080649331151005,6,-0.5614359971914861,8.0,-0.0242666551671253,-0.8186197382849845
-0.745414121441328,-0.8018193615002241,-0.7911311942908991,0.8599180450287647,1.0434057218437278,0.9237965007274502,10.0,11.0,6.0,0.0,1.0,0.0,0.0,-0.4436281787613427,0.6072598546880135,-0.1360369133473482,0.0,-0.1080649331151005,6,-0.5614359971914861,8.0,0.2556018808426685,0.7244703014784325
0.527841141769135,0.3039139775740304,1.2427965447741665,-0.4780599625650684,-0.5272093322550038,-1.317891637137819,10.0,11.0,7.0,0.0,1.0,0.0,0.0,-0.4436281787613427,0.6072598546880135,-0.1360369133473482,0.0,-0.1080649331151005,6,-0.5614359971914861,8.0,-0.7874588687632116,0.3314590843140063
-0.8827980829842725,-0.8810903947781314,-0.9796467434708322,0.9242412390399122,1.0642080276554442,0.9095309838005148,10.0,11.0,6.0,0.0,0.0,0.0,1.0,-1.0442911924132594,0.267531043144053,2.670448779468032,0.0,0.1787395937337656,76,-0.6775595529837853,1.0,1.2149010047603062,2.235426440803796
0.3841086012938376,3.2165309147991854,1.2205936346907815,-1.8582914061094888,-1.6802421612540623,0.9407140123014324,10.0,11.0,6.0,3.0,0.0,0.0,1.0,-1.0442911924132594,0.267531043144053,2.670448779468032,0.0,0.1787395937337656,76,-0.6775595529837853,1.0,0.1046713684697522,2.270426440803796
0.3841086012938376,3.2165309147991854,1.2205936346907815,-1.8582914061094888,-1.6802421612540623,0.9407140123014324,10.0,11.0,6.0,5.0,0.0,1.0,0.0,-1.0442911924132594,0.267531043144053,2.670448779468032,0.0,0.1787395937337656,76,-0.6775595529837853,1.0,0.1046713684697522,-0.5546647166021847
-0.6322605172527503,-0.7797349702946855,-0.728151532052238,0.7199701131044103,0.9419869363359068,0.777996378129188,10.0,11.0,6.0,0.0,0.0,0.0,1.0,-1.0442911924132594,0.267531043144053,2.670448779468032,0.0,0.1787395937337656,76,-0.6775595529837853,1.0,0.4891356115639468,-0.6596647166021847
-0.6322605172527503,-0.7797349702946855,-0.728151532052238,0.7199701131044103,0.9419869363359068,0.777996378129188,10.0,11.0,6.0,6.0,0.0,0.0,1.0,-1.0442911924132594,0.267531043144053,2.670448779468032,0.0,0.1787395937337656,76,-0.6775595529837853,1.0,0.4891356115639468,1.394363042880376
-0.6967839208388605,1.645447017861444,2.4908776144491696,0.7447888885483104,-2.458459179136762,0.8589737649081288,10.0,11.0,7.0,0.0,0.0,0.0,1.0,-1.0442911924132594,0.267531043144053,2.670448779468032,0.0,0.1787395937337656,76,-0.6775595529837853,1.0,0.084185305828356,1.289363042880376
-0.6967839208388605,1.645447017861444,2.4908776144491696,0.7447888885483104,-2.458459179136762,0.8589737649081288,10.0,11.0,7.0,2.0,0.0,0.0,1.0,-1.0442911924132594,0.267531043144053,2.670448779468032,0.0,0.1787395937337656,76,-0.6775595529837853,1.0,0.084185305828356,-0.1509035626976537
-0.8830831868814171,-0.2438358452539378,0.1966255128026789,0.86418657763381,-0.3339081063173233,0.893939469550056,10.0,11.0,7.0,0.0,0.0,0.0,1.0,-1.0442911924132594,0.267531043144053,2.670448779468032,0.0,0.1787395937337656,76,-0.6775595529837853,1.0,0.599274174354366,-0.2559035626976538
-0.8830831868814171,-0.2438358452539378,0.1966255128026789,0.86418657763381,-0.3339081063173233,0.893939469550056,10.0,11.0,7.0,2.0,0.0,0.0,1.0,-1.0442911924132594,0.267531043144053,2.670448779468032,0.0,0.1787395937337656,76,-0.6775595529837853,1.0,0.599274174354366,-0.8577027069223921
-0.8415530525306906,-0.8418081291765644,-1.0172851215086058,0.8842047981025107,1.0296866416314254,0.9251224980509736,10.0,11.0,6.0,6.0,0.0,0.0,1.0,-1.0442911924132594,0.267531043144053,2.670448779468032,0.0,0.1787395937337656,76,-0.6775595529837853,1.0,0.5174267530382622,-0.7326597321000732
-0.8055349268580928,-0.8457363557367211,-0.9908799028076872,0.8842047981025107,1.0987294136794632,0.8783479552995971,10.0,11.0,6.0,6.0,0.0,1.0,0.0,-1.0442911924132594,0.267531043144053,2.670448779468032,0.0,0.1787395937337656,76,-0.6775595529837853,1.0,0.9196750019160678,-0.8726597321000732
-0.8055349268580928,-0.8457363557367211,-0.9908799028076872,0.8842047981025107,1.0987294136794632,0.8783479552995971,10.0,11.0,6.0,3.0,1.0,0.0,0.0,-1.0442911924132594,0.267531043144053,2.670448779468032,0.0,0.1787395937337656,76,-0.6775595529837853,1.0,0.9196750019160678,-0.5331409460279388
-0.6533772675172955,-0.7234929438754915,-0.7068186468955825,0.7199701131044103,0.8786245863581552,0.7577520314344527,10.0,11.0,6.0,6.0,0.0,1.0,0.0,-1.0442911924132594,0.267531043144053,2.670448779468032,0.0,0.1787395937337656,76,-0.6775595529837853,1.0,0.8911723181914771,-0.6731409460279388
-0.6533772675172955,-0.7234929438754915,-0.7068186468955825,0.7199701131044103,0.8786245863581552,0.7577520314344527,10.0,11.0,6.0,3.0,1.0,0.0,0.0,-1.0442911924132594,0.267531043144053,2.670448779468032,0.0,0.1787395937337656,76,-0.6775595529837853,1.0,0.8911723181914771,2.526764133822462
-0.657643277671749,1.709539269765535,6.766056615601431,0.7199701131044103,-2.564063095766348,0.8387294182133935,10.0,11.0,7.0,2.0,0.0,1.0,0.0,-1.0442911924132594,0.267531043144053,2.670448779468032,0.0,0.1787395937337656,76,-0.6775595529837853,1.0,0.0780378756981501,2.7367641338224624
-0.657643277671749,1.709539269765535,6.766056615601431,0.7199701131044103,-2.564063095766348,0.8387294182133935,10.0,11.0,7.0,0.0,0.0,0.0,1.0,-1.0442911924132594,0.267531043144053,2.670448779468032,0.0,0.1787395937337656,76,-0.6775595529837853,1.0,0.0780378756981501,-0.7527027069223922
-0.8415530525306906,-0.8418081291765644,-1.0172851215086058,0.8842047981025107,1.0296866416314254,0.9251224980509736,10.0,11.0,6.0,0.0,0.0,0.0,1.0,-1.0442911924132594,0.267531043144053,2.670448779468032,0.0,0.1787395937337656,76,-0.6775595529837853,1.0,0.5174267530382622,-0.638092976138016
-0.7352092988957641,-0.7426404505048538,-0.934714106123413,0.8041319162277079,0.943383176571378,0.8159818982977618,10.0,11.0,6.0,6.0,0.0,1.0,0.0,-1.0442911924132594,0.267531043144053,2.670448779468032,0.0,0.1787395937337656,76,-0.6775595529837853,1.0,1.4455660233582497,-0.743092976138016
-0.7352092988957641,-0.7426404505048538,-0.934714106123413,0.8041319162277079,0.943383176571378,0.8159818982977618,10.0,11.0,6.0,3.0,1.0,0.0,0.0,-1.0442911924132594,0.267531043144053,2.670448779468032,0.0,0.1787395937337656,76,-0.6775595529837853,1.0,1.4455660233582497,-0.6982061676972695
-0.6917713589073775,-0.7879078077858112,-0.7573982294444261,0.7944264394361106,0.9842285029877412,0.8184850715186583,10.0,11.0,6.0,3.0,0.0,0.0,1.0,-1.0442911924132594,0.267531043144053,2.670448779468032,0.0,0.1787395937337656,76,-0.6775595529837853,1.0,1.082548904636774,-0.6632061676972696
-0.6917713589073775,-0.7879078077858112,-0.7573982294444261,0.7944264394361106,0.9842285029877412,0.8184850715186583,10.0,11.0,6.0,5.0,0.0,1.0,0.0,-1.0442911924132594,0.267531043144053,2.670448779468032,0.0,0.1787395937337656,76,-0.6775595529837853,1.0,1.082548904636774,-0.8838252533640059
-0.8827980829842725,-0.8810903947781314,-0.9796467434708322,0.9242412390399122,1.0642080276554442,0.9095309838005148,10.0,11.0,6.0,2.0,0.0,1.0,0.0,-1.0442911924132594,0.267531043144053,2.670448779468032,0.0,0.1787395937337656,76,-0.6775595529837853,1.0,1.2149010047603062,3.106024598538675
1.6118741244975452,2.9865451277539186,3.392192012317849,-2.3823768173831,-2.39509682915901,-3.594782507933618,10.0,11.0,6.0,3.0,1.0,0.0,0.0,-0.3685453020548533,0.0976666373720728,2.0963948877558067,0.0,0.9244313635408176,16,0.4836760049392088,1.0,0.3462915261105322,3.2460245985386758
1.6118741244975452,2.9865451277539186,3.392192012317849,-2.3823768173831,-2.39509682915901,-3.594782507933618,10.0,11.0,6.0,6.0,0.0,1.0,0.0,-0.3685453020548533,0.0976666373720728,2.0963948877558067,0.0,0.9244313635408176,16,0.4836760049392088,1.0,0.3462915261105322,1.6423087202455375
0.9795005731640912,1.3910279147720872,1.682903789736145,-0.6772163984561458,-2.1290201795663086,-2.271137923293084,10.0,11.0,7.0,3.0,1.0,0.0,0.0,-0.3685453020548533,0.0976666373720728,2.0963948877558067,0.0,0.9244313635408176,16,0.4836760049392088,1.0,0.5553937944381234,1.7823087202455377
0.9795005731640912,1.3910279147720872,1.682903789736145,-0.6772163984561458,-2.1290201795663086,-2.271137923293084,10.0,11.0,7.0,6.0,0.0,1.0,0.0,-0.3685453020548533,0.0976666373720728,2.0963948877558067,0.0,0.9244313635408176,16,0.4836760049392088,1.0,0.5553937944381234,2.7673955231063823
2.1012893737956126,2.418138908419585,2.146235141084857,-1.8182549651720872,-1.4731138451099488,-1.678660381775649,10.0,11.0,7.0,3.0,1.0,0.0,0.0,-0.3685453020548533,0.0976666373720728,2.0963948877558067,0.0,0.9244313635408176,16,0.4836760049392088,1.0,0.2637365236101168,2.8723955231063822
2.1012893737956126,2.418138908419585,2.146235141084857,-1.8182549651720872,-1.4731138451099488,-1.678660381775649,10.0,11.0,7.0,6.0,0.0,1.0,0.0,-0.3685453020548533,0.0976666373720728,2.0963948877558067,0.0,0.9244313635408176,16,0.4836760049392088,1.0,0.2637365236101168,0.9797269057348827
0.7694740356009215,0.6921242586201286,0.6825690680112948,-0.6772163984561458,-0.8172075106535887,-1.80339249577932,10.0,11.0,7.0,6.0,0.0,0.0,1.0,-0.3685453020548533,0.0976666373720728,2.0963948877558067,0.0,0.9244313635408176,16,0.4836760049392088,1.0,0.2499368083729372,1.0847269057348827
0.7694740356009215,0.6921242586201286,0.6825690680112948,-0.6772163984561458,-0.8172075106535887,-1.80339249577932,10.0,11.0,7.0,0.0,0.0,0.0,1.0,-0.3685453020548533,0.0976666373720728,2.0963948877558067,0.0,0.9244313635408176,16,0.4836760049392088,1.0,0.2499368083729372,2.567282799962416
1.712232013381065,3.215061965499208,0.4288134089034548,-2.3079204910514,-1.888198029336997,-3.25062861412312,10.0,11.0,7.0,0.0,0.0,0.0,1.0,-0.3685453020548533,0.0976666373720728,2.0963948877558067,0.0,0.9244313635408176,16,0.4836760049392088,1.0,0.0381431091975753,2.462282799962416
1.712232013381065,3.215061965499208,0.4288134089034548,-2.3079204910514,-1.888198029336997,-3.25062861412312,10.0,11.0,7.0,6.0,0.0,0.0,1.0,-0.3685453020548533,0.0976666373720728,2.0963948877558067,0.0,0.9244313635408176,16,0.4836760049392088,1.0,0.0381431091975753,-0.4802778945982883
-0.1584830407272176,-0.6435293938089832,-0.7141120734464471,0.5690532607692358,0.7118314326451066,0.5099463829677081,10.0,11.0,6.0,2.0,0.0,1.0,0.0,-0.2934624253483626,0.6072598546880135,1.4585572302977623,0.0,0.5993862331121026,71,-1.6065479993221807,2.0,-0.2771938607359711,-0.242193860735971
-0.1348693227789524,-0.6166283008542021,0.2319205836907354,0.239406505275103,0.8339903812972302,0.54443389278102,10.0,11.0,7.0,2.0,0.0,1.0,0.0,-0.2934624253483626,0.0976666373720728,0.948287104331356,0.0,0.3317020080531611,40,-0.6775595529837853,3.0,-0.5502778945982884,-0.6891762203358069
-0.7372435954592285,-0.7867285044768108,-0.7378973901778223,0.801745088176859,0.9910518867071034,0.8893089909141384,10.0,11.0,6.0,4.0,0.0,1.0,0.0,-0.3685453020548533,0.0976666373720728,0.3104494468733118,0.0,0.2169801973136143,69,-0.5614359971914861,2.0,0.6205703699319802,1.395012954858637
0.7405441753031302,1.34575722088068,1.2413807521115847,-1.389436286578259,-0.9460400133479988,-0.1798038132985286,10.0,11.0,7.0,4.0,0.0,1.0,0.0,-0.4436281787613427,-0.0721977683999073,-0.0084693818557103,0.0,0.0640177829942189,15,0.5997995607315083,3.0,0.0907730761333691,-0.6055839722596132
-0.7062674255270934,-0.7691771816343618,-0.7657885056306843,0.8405270594114628,0.938698051570479,0.8030902163808588,10.0,11.0,6.0,5.0,1.0,0.0,0.0,-0.4436281787613427,-0.0721977683999073,-0.0084693818557103,0.0,0.0640177829942189,15,0.5997995607315083,2.0,0.5180214890735126,1.990004149889975
1.1069608405003586,2.2960711357192345,1.0026781092002872,-1.7772559989242975,-1.783701375533989,-1.6972542450842496,10.0,11.0,7.0,5.0,1.0,0.0,0.0,-0.4436281787613427,0.6072598546880135,-0.1360369133473482,0.0,-0.1080649331151005,6,-0.5614359971914861,3.0,0.0795901353819146,1.0087171730882754
1.088464924540881,1.115129558109815,-0.2337336230324306,-1.156744459170636,-0.5446606106338786,-1.404110411671099,10.0,11.0,7.0,4.0,0.0,1.0,0.0,-0.4436281787613427,0.6072598546880135,-0.1360369133473482,0.0,-0.1080649331151005,6,-0.5614359971914861,4.0,0.1785970215759595,-0.8260166246689906
-0.7640896094004124,-0.7983747093535752,-0.7955201515449031,0.8211360737941609,0.9561493299493538,0.8548214811008266,10.0,11.0,6.0,4.0,0.0,1.0,0.0,-0.668876808880811,0.6072598546880135,-0.0722531476015293,0.0,-0.5095912707035135,347,0.7159231165238079,5.0,0.6285304710152761,-0.7079500436454671
-0.756278227417526,-0.7917314516421815,-0.7700358836184301,0.8793090306460667,0.851441659676105,0.8548214811008266,10.0,11.0,7.0,5.0,1.0,0.0,0.0,-0.668876808880811,0.6072598546880135,-0.0722531476015293,0.0,-0.5095912707035135,347,0.7159231165238079,4.0,0.5234158343044882,-0.7135933773399521
-0.6683777336101048,-0.7428501973706892,-0.7503563656085421,0.8211360737941609,0.8688929380549798,0.5616776476876759,10.0,11.0,7.0,8.0,1.0,0.0,0.0,-0.96920831570677,0.7771242604599936,0.1190981496358549,0.0,-0.6051927796531356,9,-0.7936831087760848,2.0,-0.2259037754539792,2.017703126393447
1.4243543498049909,2.0017174082353675,1.378712640382023,-0.9046616461457108,-1.3474194160621191,-2.5766857453237013,10.0,11.0,7.0,5.0,1.0,0.0,0.0,-0.96920831570677,0.7771242604599936,0.1190981496358549,0.0,-0.6051927796531356,9,-0.7936831087760848,5.0,0.063306972631336,1.2545679764499988
0.5704894916756981,1.279242628239439,1.4907018399922456,-1.408827272195561,-0.7366246728015013,-0.8350664997514535,10.0,11.0,7.0,4.0,0.0,1.0,0.0,-0.96920831570677,0.7771242604599936,0.1190981496358549,0.0,-0.6051927796531356,9,-0.7936831087760848,6.0,0.0996343207355286,-0.8731764688228572
-0.776929007372283,-0.8661195349043344,-0.8361534009610017,0.8793090306460667,1.008503165085978,0.8030902163808588,10.0,11.0,7.0,0.0,0.0,0.0,1.0,-0.96920831570677,0.7771242604599936,0.1190981496358549,0.0,-0.6051927796531356,9,-0.7936831087760848,2.0,1.2196055240966177,1.2546055240966176
0.8124627611455661,1.1514624367042294,1.3298677935229497,-1.117962487936032,-1.1380040755156218,-1.0937228233512923,10.0,11.0,7.0,0.0,0.0,0.0,1.0,-0.8941254390002805,0.946988666231974,0.3104494468733118,0.0,-0.8919973065020017,34,-0.6775595529837853,3.0,-0.9431764688228572,1.1994592179144226
1.0802943985587814,1.3099164354500727,0.1621220054254506,-1.5251731858993725,-1.2078091890311209,-1.8869355490574649,10.0,11.0,7.0,5.0,1.0,0.0,0.0,-0.8941254390002805,0.946988666231974,0.3104494468733118,0.0,-0.8919973065020017,34,-0.6775595529837853,6.0,0.1938476240445067,-0.7388309892189286
-0.6524856116449224,-0.7366170172958009,-0.7493653107447351,0.762963116942255,0.7816365461606058,0.4409713633410845,10.0,11.0,7.0,8.0,1.0,0.0,0.0,-0.8941254390002805,0.946988666231974,0.3104494468733118,0.0,-0.8919973065020017,34,-0.6775595529837853,3.0,-0.2307849695144909,-0.7764369510791076
-0.7791736573673654,-0.8919544260041999,-0.8191638890100195,0.8793090306460667,1.0434057218437278,0.9065527458207944,10.0,11.0,7.0,0.0,0.0,1.0,0.0,-0.8941254390002805,0.946988666231974,0.3104494468733118,0.0,-0.8919973065020017,34,-0.6775595529837853,2.0,0.7382728551718947,-0.7889570974557216
-0.6980968995449939,-0.7847601318215828,-0.783344334646699,0.8405270594114628,0.938698051570479,0.5271901378743641,10.0,11.0,7.0,5.0,1.0,0.0,0.0,-0.8190425622937911,0.946988666231974,0.7569358070938993,0.0,-0.9684785136616992,18,-0.2130653298145874,7.0,0.5194170099395307,0.3920234383109701
0.3734092221074754,0.2447807823898934,0.3348487102604349,0.1036696059539895,-0.5795631673916282,0.320265078994493,10.0,11.0,7.0,8.0,1.0,0.0,0.0,-0.8190425622937911,0.946988666231974,0.7569358070938993,0.0,-0.9684785136616992,18,-0.2130653298145874,4.0,-0.8137121832794403,2.1110090282424574
1.4223790578093185,2.168701021820532,1.4453964747896266,-1.0403985454668243,-1.7487988187762395,-0.7660914801248299,10.0,11.0,7.0,0.0,0.0,1.0,0.0,-0.8190425622937911,0.946988666231974,0.7569358070938993,0.0,-0.9684785136616992,18,-0.2130653298145874,3.0,0.0076613603415034,1.7755903076412758
2.33460481581075,1.520942387195961,-0.0076315348181112,-1.389436286578259,-0.9111374565902494,-2.5939295002303573,10.0,11.0,7.0,0.0,0.0,1.0,0.0,-1.7951199594781562,-0.581790985715848,1.3947734645519434,0.0,-1.4464860584098094,67,-1.1420537761529832,4.0,0.0827660404917988,0.1328695813444206
-0.164408916714235,-0.0201293707928573,0.6630294494469047,-0.0708492646017278,-1.71389626201849,0.3375088339011489,10.0,11.0,7.0,5.0,1.0,0.0,0.0,-1.7951199594781562,-0.581790985715848,1.3947734645519434,0.0,-1.4464860584098094,67,-1.1420537761529832,8.0,0.3599458968061736,-0.8752040417403004
-0.7719009913832986,-0.8827686869464704,-0.8229865291989905,0.8405270594114628,1.0608570002226023,0.958284010540762,10.0,11.0,7.0,0.0,0.0,1.0,0.0,-0.5187110554678321,-0.2420621741718875,-0.2636044448389136,0.0,-0.853756702922153,12,-1.1420537761529832,5.0,0.7367146278371929,0.2916961265441461
-0.7128218035127336,-0.7091418156499119,-0.6615861656646612,0.8211360737941609,0.8339903812972302,0.9237965007274502,10.0,11.0,6.0,3.0,0.0,0.0,1.0,-1.0442911924132594,0.267531043144053,2.670448779468032,0.0,0.1787395937337656,76,-0.6775595529837853,1.0,0.2762885208924465,-0.4832050052256608
-0.7128218035127336,-0.7091418156499119,-0.6615861656646612,0.8211360737941609,0.8339903812972302,0.9237965007274502,10.0,11.0,6.0,0.0,0.0,0.0,1.0,-1.0442911924132594,0.267531043144053,2.670448779468032,0.0,0.1787395937337656,76,-0.6775595529837853,1.0,0.2762885208924465,-0.5182050052256608
-0.7128218035127336,-0.7091418156499119,-0.6615861656646612,0.8211360737941609,0.8339903812972302,0.9237965007274502,10.0,11.0,6.0,0.0,0.0,0.0,1.0,-1.0442911924132594,0.267531043144053,2.670448779468032,0.0,0.1787395937337656,76,-0.6775595529837853,1.0,0.2762885208924465,-0.6437379745756358
-0.7022270555359451,-0.7918954826967834,-0.7448347742244733,0.7823541025595571,0.9736006083282286,0.941040255634106,10.0,11.0,6.0,6.0,1.0,0.0,0.0,-1.0442911924132594,0.267531043144053,2.670448779468032,0.0,0.1787395937337656,76,-0.6775595529837853,1.0,0.6800994824496805,-0.6869497224836806
-0.7723499213823153,-0.8733369013068367,-0.7885827674982522,0.762963116942255,0.9212467731916042,0.8720652360074824,10.0,11.0,6.0,5.0,1.0,0.0,0.0,-1.0442911924132594,0.267531043144053,2.670448779468032,0.0,0.1787395937337656,76,-0.6775595529837853,1.0,0.7388123048036751,-0.5037379745756356
-0.7022270555359451,-0.7918954826967834,-0.7448347742244733,0.7823541025595571,0.9736006083282286,0.941040255634106,10.0,11.0,6.0,0.0,0.0,0.0,1.0,-1.0442911924132594,0.267531043144053,2.670448779468032,0.0,0.1787395937337656,76,-0.6775595529837853,1.0,0.6800994824496805,-0.3637379745756356
-0.7022270555359451,-0.7918954826967834,-0.7448347742244733,0.7823541025595571,0.9736006083282286,0.941040255634106,10.0,11.0,6.0,0.0,0.0,0.0,1.0,-1.0442911924132594,0.267531043144053,2.670448779468032,0.0,0.1787395937337656,76,-0.6775595529837853,1.0,0.6800994824496805,0.2103319821290128
-0.1542630987364632,0.241582176825148,-0.4364751323141493,-2.39776753867796,-0.3352452700873811,0.9237965007274502,10.0,11.0,7.0,6.0,0.0,1.0,0.0,-1.0442911924132594,0.267531043144053,2.670448779468032,0.0,0.1787395937337656,76,-0.6775595529837853,1.0,0.3112219283074918,-0.8587225060327257
-0.8418381564278351,-0.8560780134155007,-0.9946729176487032,0.9242412390399122,1.0814687206674538,0.9251224980509736,10.0,11.0,7.0,6.0,0.0,0.0,1.0,-1.0442911924132594,0.267531043144053,2.670448779468032,0.0,0.1787395937337656,76,-0.6775595529837853,1.0,0.0644865597421838,-0.7446358913537852
-0.8757655201880399,-0.9243008869398543,-1.0450033068852602,0.9042230185712116,1.0987294136794632,0.800390384047303,10.0,11.0,7.0,0.0,0.0,0.0,1.0,-1.0442911924132594,0.267531043144053,2.670448779468032,0.0,0.1787395937337656,76,-0.6775595529837853,1.0,0.5941345891611264,-0.3946358913537852
-0.8757655201880399,-0.9243008869398543,-1.0450033068852602,0.9042230185712116,1.0987294136794632,0.800390384047303,10.0,11.0,7.0,8.0,1.0,0.0,0.0,-1.0442911924132594,0.267531043144053,2.670448779468032,0.0,0.1787395937337656,76,-0.6775595529837853,1.0,0.5941345891611264,-0.3411226151969657
-0.8574238361384053,-0.8944784322382568,-1.0585706292012018,0.8842047981025107,1.0814687206674538,0.800390384047303,10.0,11.0,7.0,0.0,0.0,0.0,1.0,-1.0442911924132594,0.267531043144053,2.670448779468032,0.0,0.1787395937337656,76,-0.6775595529837853,1.0,0.4120606297044023,-0.2361226151969657
-0.8574238361384053,-0.8944784322382568,-1.0585706292012018,0.8842047981025107,1.0814687206674538,0.800390384047303,10.0,11.0,7.0,3.0,0.0,0.0,1.0,-1.0442911924132594,0.267531043144053,2.670448779468032,0.0,0.1787395937337656,76,-0.6775595529837853,1.0,0.4120606297044023,-0.6911226151969658
-0.8574238361384053,-0.8944784322382568,-1.0585706292012018,0.8842047981025107,1.0814687206674538,0.800390384047303,10.0,11.0,7.0,0.0,0.0,0.0,1.0,-1.0442911924132594,0.267531043144053,2.670448779468032,0.0,0.1787395937337656,76,-0.6775595529837853,1.0,0.4120606297044023,-0.5437225060327258
-0.8418381564278351,-0.8560780134155007,-0.9946729176487032,0.9242412390399122,1.0814687206674538,0.9251224980509736,10.0,11.0,7.0,0.0,0.0,0.0,1.0,-1.0442911924132594,0.267531043144053,2.670448779468032,0.0,0.1787395937337656,76,-0.6775595529837853,1.0,0.0644865597421838,-0.7187225060327257
-0.8418381564278351,-0.8560780134155007,-0.9946729176487032,0.9242412390399122,1.0814687206674538,0.9251224980509736,10.0,11.0,7.0,0.0,0.0,0.0,1.0,-1.0442911924132594,0.267531043144053,2.670448779468032,0.0,0.1787395937337656,76,-0.6775595529837853,1.0,0.0644865597421838,-0.4457279756937459
-0.6835592893600543,-0.7913490025189164,-0.7383018564412919,0.7199701131044103,0.9208661530099896,0.8994624582975992,10.0,11.0,6.0,0.0,0.0,0.0,1.0,-1.0442911924132594,0.267531043144053,2.670448779468032,0.0,0.1787395937337656,76,-0.6775595529837853,1.0,0.3680833538662603,-0.5157279756937458
-0.6835592893600543,-0.7913490025189164,-0.7383018564412919,0.7199701131044103,0.9208661530099896,0.8994624582975992,10.0,11.0,6.0,0.0,0.0,0.0,1.0,-1.0442911924132594,0.267531043144053,2.670448779468032,0.0,0.1787395937337656,76,-0.6775595529837853,1.0,0.3680833538662603,-0.5857279756937459
-0.6835592893600543,-0.7913490025189164,-0.7383018564412919,0.7199701131044103,0.9208661530099896,0.8994624582975992,10.0,11.0,6.0,6.0,0.0,1.0,0.0,-1.0442911924132594,0.267531043144053,2.670448779468032,0.0,0.1787395937337656,76,-0.6775595529837853,1.0,0.3680833538662603,-0.5254651091177384
-0.6430321928927455,-0.7786595969405902,-0.7333127139449768,0.6951513376605102,0.8997453696840724,0.8994624582975992,10.0,11.0,6.0,8.0,1.0,0.0,0.0,-1.0442911924132594,0.267531043144053,2.670448779468032,0.0,0.1787395937337656,76,-0.6775595529837853,1.0,0.3298202971260455,-0.4904651091177384
-0.6430321928927455,-0.7786595969405902,-0.7333127139449768,0.6951513376605102,0.8997453696840724,0.8994624582975992,10.0,11.0,6.0,0.0,0.0,0.0,1.0,-1.0442911924132594,0.267531043144053,2.670448779468032,0.0,0.1787395937337656,76,-0.6775595529837853,1.0,0.3298202971260455,-0.5604651091177384
-0.6430321928927455,-0.7786595969405902,-0.7333127139449768,0.6951513376605102,0.8997453696840724,0.8994624582975992,10.0,11.0,6.0,6.0,0.0,1.0,0.0,-1.0442911924132594,0.267531043144053,2.670448779468032,0.0,0.1787395937337656,76,-0.6775595529837853,1.0,0.3298202971260455,-0.549884032270781
-0.7984776473250729,-0.8140396750680973,-0.7288363171372986,0.762963116942255,0.9736006083282286,0.941040255634106,10.0,11.0,7.0,0.0,0.0,0.0,1.0,-1.0442911924132594,0.267531043144053,2.670448779468032,0.0,0.1787395937337656,76,-0.6775595529837853,1.0,0.5802237420837689,-0.1998840322707809
-0.7984776473250729,-0.8140396750680973,-0.7288363171372986,0.762963116942255,0.9736006083282286,0.941040255634106,10.0,11.0,7.0,8.0,1.0,0.0,0.0,-1.0442911924132594,0.267531043144053,2.670448779468032,0.0,0.1787395937337656,76,-0.6775595529837853,1.0,0.5802237420837689,-0.5848840322707809
-0.7984776473250729,-0.8140396750680973,-0.7288363171372986,0.762963116942255,0.9736006083282286,0.941040255634106,10.0,11.0,7.0,0.0,0.0,0.0,1.0,-1.0442911924132594,0.267531043144053,2.670448779468032,0.0,0.1787395937337656,76,-0.6775595529837853,1.0,0.5802237420837689,-0.5795954074482499
-0.7455039074411315,-0.7805773399292234,-0.7182178721679349,0.7435721313249531,0.9037954948127294,0.9065527458207944,10.0,11.0,7.0,6.0,1.0,0.0,0.0,-1.0442911924132594,0.267531043144053,2.670448779468032,0.0,0.1787395937337656,76,-0.6775595529837853,1.0,0.0118762370445398,-0.3249625569005925
-0.6485780060935351,-0.7222024958505768,-0.7231623895559235,0.7199701131044103,0.9208661530099896,0.8387294182133935,10.0,11.0,6.0,0.0,0.0,0.0,1.0,-1.0442911924132594,0.267531043144053,2.670448779468032,0.0,0.1787395937337656,76,-0.6775595529837853,1.0,0.0516183274402936,-0.4999625569005925
-0.6485780060935351,-0.7222024958505768,-0.7231623895559235,0.7199701131044103,0.9208661530099896,0.8387294182133935,10.0,11.0,6.0,0.0,0.0,0.0,1.0,-1.0442911924132594,0.267531043144053,2.670448779468032,0.0,0.1787395937337656,76,-0.6775595529837853,1.0,0.0516183274402936,-0.6399625569005926
-0.6485780060935351,-0.7222024958505768,-0.7231623895559235,0.7199701131044103,0.9208661530099896,0.8387294182133935,10.0,11.0,6.0,6.0,0.0,0.0,1.0,-1.0442911924132594,0.267531043144053,2.670448779468032,0.0,0.1787395937337656,76,-0.6775595529837853,1.0,0.0516183274402936,-0.3657629494161462
-0.6610560857953118,-0.7427421269138008,-0.6909910224245159,0.7447888885483104,0.9842285029877412,0.879218111602864,10.0,11.0,6.0,3.0,0.0,0.0,1.0,-1.0442911924132594,0.267531043144053,2.670448779468032,0.0,0.1787395937337656,76,-0.6775595529837853,1.0,0.2776154587860044,-0.5057629494161462
-0.6610560857953118,-0.7427421269138008,-0.6909910224245159,0.7447888885483104,0.9842285029877412,0.879218111602864,10.0,11.0,6.0,0.0,0.0,0.0,1.0,-1.0442911924132594,0.267531043144053,2.670448779468032,0.0,0.1787395937337656,76,-0.6775595529837853,1.0,0.2776154587860044,-0.5407629494161462
-0.6610560857953118,-0.7427421269138008,-0.6909910224245159,0.7447888885483104,0.9842285029877412,0.879218111602864,10.0,11.0,6.0,0.0,0.0,0.0,1.0,-1.0442911924132594,0.267531043144053,2.670448779468032,0.0,0.1787395937337656,76,-0.6775595529837853,1.0,0.2776154587860044,0.0434991338608448
-0.6490046071089806,-0.7782294475989515,-0.6921952981994887,0.7447888885483104,0.9208661530099896,0.8387294182133935,10.0,11.0,6.0,7.0,0.0,0.0,1.0,-1.0442911924132594,0.267531043144053,2.670448779468032,0.0,0.1787395937337656,76,-0.6775595529837853,1.0,0.4493136674465375,-0.4815008661391552
-0.6490046071089806,-0.7782294475989515,-0.6921952981994887,0.7447888885483104,0.9208661530099896,0.8387294182133935,10.0,11.0,6.0,0.0,0.0,0.0,1.0,-1.0442911924132594,0.267531043144053,2.670448779468032,0.0,0.1787395937337656,76,-0.6775595529837853,1.0,0.4493136674465375,-0.6145954074482499
-0.7455039074411315,-0.7805773399292234,-0.7182178721679349,0.7435721313249531,0.9037954948127294,0.9065527458207944,10.0,11.0,7.0,0.0,0.0,1.0,0.0,-1.0442911924132594,0.267531043144053,2.670448779468032,0.0,0.1787395937337656,76,-0.6775595529837853,1.0,0.0118762370445398,-0.64959540744825
-0.7455039074411315,-0.7805773399292234,-0.7182178721679349,0.7435721313249531,0.9037954948127294,0.9065527458207944,10.0,11.0,7.0,0.0,0.0,1.0,0.0,-1.0442911924132594,0.267531043144053,2.670448779468032,0.0,0.1787395937337656,76,-0.6775595529837853,1.0,0.0118762370445398,-0.6059693894841388
-0.8179844637000726,-0.801243177351273,-0.9720607137888004,0.8041319162277079,1.0469473346434348,0.8783479552995971,10.0,11.0,7.0,11.0,0.0,1.0,0.0,-1.0442911924132594,0.267531043144053,2.670448779468032,0.0,0.1787395937337656,76,-0.6775595529837853,1.0,0.7430279953037078,-0.4309693894841387
-0.8179844637000726,-0.801243177351273,-0.9720607137888004,0.8041319162277079,1.0469473346434348,0.8783479552995971,10.0,11.0,7.0,8.0,0.0,1.0,0.0,-1.0442911924132594,0.267531043144053,2.670448779468032,0.0,0.1787395937337656,76,-0.6775595529837853,1.0,0.7430279953037078,-0.1567098991931691
-0.6898516543378733,-0.8279116965581631,-0.7629034901300146,0.6951513376605102,1.0475908529654927,0.9197068049923344,10.0,11.0,7.0,0.0,0.0,0.0,1.0,-1.0442911924132594,0.267531043144053,2.670448779468032,0.0,0.1787395937337656,76,-0.6775595529837853,1.0,-0.6799361551657693,-0.5417098991931693
-0.6898516543378733,-0.8279116965581631,-0.7629034901300146,0.6951513376605102,1.0475908529654927,0.9197068049923344,10.0,11.0,7.0,0.0,0.0,0.0,1.0,-1.0442911924132594,0.267531043144053,2.670448779468032,0.0,0.1787395937337656,76,-0.6775595529837853,1.0,-0.6799361551657693,-0.5067098991931692
-0.6898516543378733,-0.8279116965581631,-0.7629034901300146,0.6951513376605102,1.0475908529654927,0.9197068049923344,10.0,11.0,7.0,0.0,0.0,0.0,1.0,-1.0442911924132594,0.267531043144053,2.670448779468032,0.0,0.1787395937337656,76,-0.6775595529837853,1.0,-0.6799361551657693,-0.2365008661391552
-0.6490046071089806,-0.7782294475989515,-0.6921952981994887,0.7447888885483104,0.9208661530099896,0.8387294182133935,10.0,11.0,6.0,0.0,0.0,0.0,1.0,-1.0442911924132594,0.267531043144053,2.670448779468032,0.0,0.1787395937337656,76,-0.6775595529837853,1.0,0.4493136674465375,-0.5536328046084732
-0.7888088315589442,-0.7986778049038235,-0.95703453961093,0.8241501366964086,1.0469473346434348,0.8159818982977618,10.0,11.0,7.0,3.0,0.0,0.0,1.0,-1.0442911924132594,0.267531043144053,2.670448779468032,0.0,0.1787395937337656,76,-0.6775595529837853,1.0,1.4493993172033053,-0.0986328046084731
-0.7888088315589442,-0.7986778049038235,-0.95703453961093,0.8241501366964086,1.0469473346434348,0.8159818982977618,10.0,11.0,7.0,9.0,0.0,1.0,0.0,-1.0442911924132594,0.267531043144053,2.670448779468032,0.0,0.1787395937337656,76,-0.6775595529837853,1.0,1.4493993172033053,-0.6236328046084731
-0.7888088315589442,-0.7986778049038235,-0.95703453961093,0.8241501366964086,1.0469473346434348,0.8159818982977618,10.0,11.0,7.0,6.0,1.0,0.0,0.0,-1.0442911924132594,0.267531043144053,2.670448779468032,0.0,0.1787395937337656,76,-0.6775595529837853,1.0,1.4493993172033053,0.4161566703108895
-0.8491558231212127,-0.5064658495615563,1.0392583482529825,0.86418657763381,-0.7136433525815318,0.9095309838005148,10.0,11.0,7.0,0.0,0.0,0.0,1.0,-1.0442911924132594,0.267531043144053,2.670448779468032,0.0,0.1787395937337656,76,-0.6775595529837853,1.0,-0.7515444763537766,0.0311566703108894
-0.8491558231212127,-0.5064658495615563,1.0392583482529825,0.86418657763381,-0.7136433525815318,0.9095309838005148,10.0,11.0,7.0,0.0,0.0,0.0,1.0,-1.0442911924132594,0.267531043144053,2.670448779468032,0.0,0.1787395937337656,76,-0.6775595529837853,1.0,-0.7515444763537766,-0.4335580249810563
-0.8754804162908952,-0.5472713050537962,-0.9650582248515406,0.9042230185712116,0.5636479303071694,0.9563055265518912,10.0,11.0,7.0,3.0,0.0,0.0,1.0,-1.0442911924132594,0.267531043144053,2.670448779468032,0.0,0.1787395937337656,76,-0.6775595529837853,1.0,0.2816034044074698,-0.5735580249810563
-0.8754804162908952,-0.5472713050537962,-0.9650582248515406,0.9042230185712116,0.5636479303071694,0.9563055265518912,10.0,11.0,7.0,0.0,0.0,0.0,1.0,-1.0442911924132594,0.267531043144053,2.670448779468032,0.0,0.1787395937337656,76,-0.6775595529837853,1.0,0.2816034044074698,-0.6085580249810564
-0.8754804162908952,-0.5472713050537962,-0.9650582248515406,0.9042230185712116,0.5636479303071694,0.9563055265518912,10.0,11.0,7.0,0.0,0.0,0.0,1.0,-1.0442911924132594,0.267531043144053,2.670448779468032,0.0,0.1787395937337656,76,-0.6775595529837853,1.0,0.2816034044074698,-0.5081472062991765
-0.8105717623743137,-0.8142303753664848,-0.9865033472218996,0.8041319162277079,1.0987294136794632,0.8783479552995971,10.0,11.0,6.0,0.0,0.0,0.0,1.0,-1.0442911924132594,0.267531043144053,2.670448779468032,0.0,0.1787395937337656,76,-0.6775595529837853,1.0,0.6932275944245478,-0.6481472062991767
-0.8105717623743137,-0.8142303753664848,-0.9865033472218996,0.8041319162277079,1.0987294136794632,0.8783479552995971,10.0,11.0,6.0,0.0,0.0,0.0,1.0,-1.0442911924132594,0.267531043144053,2.670448779468032,0.0,0.1787395937337656,76,-0.6775595529837853,1.0,0.6932275944245478,-0.7881472062991766
-0.8105717623743137,-0.8142303753664848,-0.9865033472218996,0.8041319162277079,1.0987294136794632,0.8783479552995971,10.0,11.0,6.0,6.0,1.0,0.0,0.0,-1.0442911924132594,0.267531043144053,2.670448779468032,0.0,0.1787395937337656,76,-0.6775595529837853,1.0,0.6932275944245478,-0.456197060604783
-0.6892080855644681,-0.7578590388668016,-0.7768316883988227,0.7823541025595571,0.9212467731916042,0.9065527458207944,10.0,11.0,7.0,6.0,1.0,0.0,0.0,-1.0442911924132594,0.267531043144053,2.670448779468032,0.0,0.1787395937337656,76,-0.6775595529837853,1.0,0.4611162620788041,-0.5961970606047831
-0.6892080855644681,-0.7578590388668016,-0.7768316883988227,0.7823541025595571,0.9212467731916042,0.9065527458207944,10.0,11.0,7.0,0.0,0.0,0.0,1.0,-1.0442911924132594,0.267531043144053,2.670448779468032,0.0,0.1787395937337656,76,-0.6775595529837853,1.0,0.4611162620788041,-0.631197060604783
-0.6892080855644681,-0.7578590388668016,-0.7768316883988227,0.7823541025595571,0.9212467731916042,0.9065527458207944,10.0,11.0,7.0,6.0,0.0,1.0,0.0,-1.0442911924132594,0.267531043144053,2.670448779468032,0.0,0.1787395937337656,76,-0.6775595529837853,1.0,0.4611162620788041,-0.4723161877060581
-0.7447856194427048,-0.6515669154844969,-0.6695146045751196,0.7241811457076512,0.7990878245394806,0.9065527458207944,10.0,11.0,6.0,8.0,1.0,0.0,0.0,-1.0442911924132594,0.267531043144053,2.670448779468032,0.0,0.1787395937337656,76,-0.6775595529837853,1.0,0.326693889984182,-0.4373161877060581
-0.7447856194427048,-0.6515669154844969,-0.6695146045751196,0.7241811457076512,0.7990878245394806,0.9065527458207944,10.0,11.0,6.0,0.0,0.0,0.0,1.0,-1.0442911924132594,0.267531043144053,2.670448779468032,0.0,0.1787395937337656,76,-0.6775595529837853,1.0,0.326693889984182,-0.6913840452672532
-0.8158937017876788,-0.8363567127257344,-0.9687053545063632,0.7841136957590071,1.0469473346434348,0.893939469550056,10.0,11.0,7.0,8.0,1.0,0.0,0.0,-1.0442911924132594,0.267531043144053,2.670448779468032,0.0,0.1787395937337656,76,-0.6775595529837853,1.0,0.3395802345466052,-0.6563840452672531
-0.8158937017876788,-0.8363567127257344,-0.9687053545063632,0.7841136957590071,1.0469473346434348,0.893939469550056,10.0,11.0,7.0,0.0,0.0,0.0,1.0,-1.0442911924132594,0.267531043144053,2.670448779468032,0.0,0.1787395937337656,76,-0.6775595529837853,1.0,0.3395802345466052,-0.7263840452672532
-0.8158937017876788,-0.8363567127257344,-0.9687053545063632,0.7841136957590071,1.0469473346434348,0.893939469550056,10.0,11.0,7.0,6.0,0.0,1.0,0.0,-1.0442911924132594,0.267531043144053,2.670448779468032,0.0,0.1787395937337656,76,-0.6775595529837853,1.0,0.3395802345466052,-0.604740429253252
-0.8313843468658675,-0.8441329979570651,-0.9990494732344908,0.8441683571651093,0.9951652556074064,0.9251224980509736,10.0,11.0,6.0,0.0,0.0,0.0,1.0,-1.0442911924132594,0.267531043144053,2.670448779468032,0.0,0.1787395937337656,76,-0.6775595529837853,1.0,0.3794413862633679,-0.674740429253252
-0.8313843468658675,-0.8441329979570651,-0.9990494732344908,0.8441683571651093,0.9951652556074064,0.9251224980509736,10.0,11.0,6.0,0.0,0.0,0.0,1.0,-1.0442911924132594,0.267531043144053,2.670448779468032,0.0,0.1787395937337656,76,-0.6775595529837853,1.0,0.3794413862633679,-0.744740429253252
-0.8313843468658675,-0.8441329979570651,-0.9990494732344908,0.8441683571651093,0.9951652556074064,0.9251224980509736,10.0,11.0,6.0,6.0,0.0,1.0,0.0,-1.0442911924132594,0.267531043144053,2.670448779468032,0.0,0.1787395937337656,76,-0.6775595529837853,1.0,0.3794413862633679,-0.5340820663948401
-0.7860871793522186,-0.7567928370118867,-0.6556398364818178,0.8405270594114628,0.938698051570479,0.941040255634106,10.0,11.0,6.0,0.0,0.0,0.0,1.0,-1.0442911924132594,0.267531043144053,2.670448779468032,0.0,0.1787395937337656,76,-0.6775595529837853,1.0,1.1404497387543069,-0.5690820663948402
-0.7860871793522186,-0.7567928370118867,-0.6556398364818178,0.8405270594114628,0.938698051570479,0.941040255634106,10.0,11.0,6.0,0.0,0.0,0.0,1.0,-1.0442911924132594,0.267531043144053,2.670448779468032,0.0,0.1787395937337656,76,-0.6775595529837853,1.0,1.1404497387543069,-0.2286623096335603
-0.6747525395961385,-0.751215781155408,-0.7449763534907311,0.6660081888557454,0.7990878245394806,0.6306526673142996,10.0,11.0,6.0,0.0,0.0,0.0,1.0,-1.0442911924132594,0.267531043144053,2.670448779468032,0.0,0.1787395937337656,76,-0.6775595529837853,1.0,0.4488525758873849,0.0513376903664396
-0.6747525395961385,-0.751215781155408,-0.7449763534907311,0.6660081888557454,0.7990878245394806,0.6306526673142996,10.0,11.0,6.0,7.0,0.0,0.0,1.0,-1.0442911924132594,0.267531043144053,2.670448779468032,0.0,0.1787395937337656,76,-0.6775595529837853,1.0,0.4488525758873849,-0.4736623096335604
-0.6747525395961385,-0.751215781155408,-0.7449763534907311,0.6660081888557454,0.7990878245394806,0.6306526673142996,10.0,11.0,6.0,0.0,0.0,0.0,1.0,-1.0442911924132594,0.267531043144053,2.670448779468032,0.0,0.1787395937337656,76,-0.6775595529837853,1.0,0.4488525758873849,0.5105965246018589
-0.0091689230543457,0.2880849808049064,-0.4051861144710907,-1.2924813584917494,-0.7366246728015013,0.9237965007274502,10.0,11.0,6.0,0.0,0.0,0.0,1.0,-1.0442911924132594,0.267531043144053,2.670448779468032,0.0,0.1787395937337656,76,-0.6775595529837853,1.0,0.0024677932342671,0.3355965246018589
-0.0091689230543457,0.2880849808049064,-0.4051861144710907,-1.2924813584917494,-0.7366246728015013,0.9237965007274502,10.0,11.0,6.0,0.0,0.0,0.0,1.0,-1.0442911924132594,0.267531043144053,2.670448779468032,0.0,0.1787395937337656,76,-0.6775595529837853,1.0,0.0024677932342671,0.1955965246018589
-0.0091689230543457,0.2880849808049064,-0.4051861144710907,-1.2924813584917494,-0.7366246728015013,0.9237965007274502,10.0,11.0,6.0,6.0,0.0,0.0,1.0,-1.0442911924132594,0.267531043144053,2.670448779468032,0.0,0.1787395937337656,76,-0.6775595529837853,1.0,0.0024677932342671,-0.2033328224089643
-0.7863565373516285,-0.8600503858840487,-0.8135007183596922,0.8599180450287647,0.9037954948127294,0.8893089909141384,10.0,11.0,6.0,0.0,0.0,0.0,1.0,-1.0442911924132594,0.267531043144053,2.670448779468032,0.0,0.1787395937337656,76,-0.6775595529837853,1.0,0.4039553477756964,-0.6476634838796871
-0.8572337668736424,-0.8531919694121203,-0.9723524841611866,0.8241501366964086,1.0987294136794632,0.9563055265518912,10.0,11.0,6.0,6.0,1.0,0.0,0.0,-1.0442911924132594,0.267531043144053,2.670448779468032,0.0,0.1787395937337656,76,-0.6775595529837853,1.0,0.4747924351698687,-0.7876634838796871
-0.8572337668736424,-0.8531919694121203,-0.9723524841611866,0.8241501366964086,1.0987294136794632,0.9563055265518912,10.0,11.0,6.0,0.0,0.0,0.0,1.0,-1.0442911924132594,0.267531043144053,2.670448779468032,0.0,0.1787395937337656,76,-0.6775595529837853,1.0,0.4747924351698687,-0.8226634838796871
-0.8572337668736424,-0.8531919694121203,-0.9723524841611866,0.8241501366964086,1.0987294136794632,0.9563055265518912,10.0,11.0,6.0,6.0,0.0,1.0,0.0,-1.0442911924132594,0.267531043144053,2.670448779468032,0.0,0.1787395937337656,76,-0.6775595529837853,1.0,0.4747924351698687,-0.7126429344134312
-0.8409828447364014,-0.8369980558375969,-1.0080943547784516,0.8842047981025107,1.0814687206674538,0.9095309838005148,10.0,11.0,6.0,0.0,0.0,0.0,1.0,-1.0442911924132594,0.267531043144053,2.670448779468032,0.0,0.1787395937337656,76,-0.6775595529837853,1.0,1.1602898352008166,-0.1222431039974394
-0.6606294847798664,-0.7831761650277906,-0.7579143476337001,0.7696076639922105,0.9419869363359068,0.7577520314344527,10.0,11.0,6.0,0.0,0.0,0.0,1.0,-1.0442911924132594,0.267531043144053,2.670448779468032,0.0,0.1787395937337656,76,-0.6775595529837853,1.0,0.3991853643397243,-0.0172431039974394
-0.6606294847798664,-0.7831761650277906,-0.7579143476337001,0.7696076639922105,0.9419869363359068,0.7577520314344527,10.0,11.0,6.0,3.0,0.0,0.0,1.0,-1.0442911924132594,0.267531043144053,2.670448779468032,0.0,0.1787395937337656,76,-0.6775595529837853,1.0,0.3991853643397243,-0.4722431039974395
-0.6606294847798664,-0.7831761650277906,-0.7579143476337001,0.7696076639922105,0.9419869363359068,0.7577520314344527,10.0,11.0,6.0,0.0,0.0,0.0,1.0,-1.0442911924132594,0.267531043144053,2.670448779468032,0.0,0.1787395937337656,76,-0.6775595529837853,1.0,0.3991853643397243,-0.4137766508722654
-0.8404126369421125,-0.8690652114307126,-0.8804448168596468,0.9242412390399122,1.1159901066914728,0.9095309838005148,10.0,11.0,7.0,0.0,0.0,0.0,1.0,-1.0442911924132594,0.267531043144053,2.670448779468032,0.0,0.1787395937337656,76,-0.6775595529837853,1.0,0.4597416547837793,-0.1337766508722654
-0.8404126369421125,-0.8690652114307126,-0.8804448168596468,0.9242412390399122,1.1159901066914728,0.9095309838005148,10.0,11.0,7.0,7.0,0.0,0.0,1.0,-1.0442911924132594,0.267531043144053,2.670448779468032,0.0,0.1787395937337656,76,-0.6775595529837853,1.0,0.4597416547837793,-0.6587766508722654
-0.8404126369421125,-0.8690652114307126,-0.8804448168596468,0.9242412390399122,1.1159901066914728,0.9095309838005148,10.0,11.0,7.0,0.0,0.0,0.0,1.0,-1.0442911924132594,0.267531043144053,2.670448779468032,0.0,0.1787395937337656,76,-0.6775595529837853,1.0,0.4597416547837793,-0.7476429344134312
-0.8409828447364014,-0.8369980558375969,-1.0080943547784516,0.8842047981025107,1.0814687206674538,0.9095309838005148,10.0,11.0,6.0,0.0,0.0,0.0,1.0,-1.0442911924132594,0.267531043144053,2.670448779468032,0.0,0.1787395937337656,76,-0.6775595529837853,1.0,1.1602898352008166,-0.7459693894841388
-0.8179844637000726,-0.801243177351273,-0.9720607137888004,0.8041319162277079,1.0469473346434348,0.8783479552995971,10.0,11.0,7.0,5.0,1.0,0.0,0.0,-1.0442911924132594,0.267531043144053,2.670448779468032,0.0,0.1787395937337656,76,-0.6775595529837853,1.0,0.7430279953037078,0.0661566703108894
-0.8491558231212127,-0.5064658495615563,1.0392583482529825,0.86418657763381,-0.7136433525815318,0.9095309838005148,10.0,11.0,7.0,0.0,0.0,0.0,1.0,-1.0442911924132594,0.267531043144053,2.670448779468032,0.0,0.1787395937337656,76,-0.6775595529837853,1.0,-0.7515444763537766,-0.5824203138460332
-0.6688415543271896,-0.7908113158418691,-0.7510327717767148,0.6455137867727101,1.0053492863136584,0.8994624582975992,10.0,11.0,6.0,6.0,1.0,0.0,0.0,-1.0442911924132594,0.267531043144053,2.670448779468032,0.0,0.1787395937337656,76,-0.6775595529837853,1.0,0.0120424080091153,-0.6174203138460332
-0.6688415543271896,-0.7908113158418691,-0.7510327717767148,0.6455137867727101,1.0053492863136584,0.8994624582975992,10.0,11.0,6.0,0.0,0.0,1.0,0.0,-1.0442911924132594,0.267531043144053,2.670448779468032,0.0,0.1787395937337656,76,-0.6775595529837853,1.0,0.0120424080091153,-0.6524203138460332
-0.6688415543271896,-0.7908113158418691,-0.7510327717767148,0.6455137867727101,1.0053492863136584,0.8994624582975992,10.0,11.0,6.0,0.0,0.0,1.0,0.0,-1.0442911924132594,0.267531043144053,2.670448779468032,0.0,0.1787395937337656,76,-0.6775595529837853,1.0,0.0120424080091153,-0.7549776433992896
-0.8512465850336062,-0.8515084437434816,-0.9932140657867736,0.8241501366964086,1.1332507997034822,0.9095309838005148,10.0,11.0,6.0,6.0,1.0,0.0,0.0,-1.0442911924132594,0.267531043144053,2.670448779468032,0.0,0.1787395937337656,76,-0.6775595529837853,1.0,0.0221928391593068,-0.7899776433992897
-0.8512465850336062,-0.8515084437434816,-0.9932140657867736,0.8241501366964086,1.1332507997034822,0.9095309838005148,10.0,11.0,6.0,0.0,0.0,1.0,0.0,-1.0442911924132594,0.267531043144053,2.670448779468032,0.0,0.1787395937337656,76,-0.6775595529837853,1.0,0.0221928391593068,-0.8249776433992897
-0.8512465850336062,-0.8515084437434816,-0.9932140657867736,0.8241501366964086,1.1332507997034822,0.9095309838005148,10.0,11.0,6.0,0.0,0.0,1.0,0.0,-1.0442911924132594,0.267531043144053,2.670448779468032,0.0,0.1787395937337656,76,-0.6775595529837853,1.0,0.0221928391593068,-0.7796358913537852
-0.8757655201880399,-0.9243008869398543,-1.0450033068852602,0.9042230185712116,1.0987294136794632,0.800390384047303,10.0,11.0,7.0,0.0,0.0,0.0,1.0,-1.0442911924132594,0.267531043144053,2.670448779468032,0.0,0.1787395937337656,76,-0.6775595529837853,1.0,0.5941345891611264,-0.0983328224089643
-0.7863565373516285,-0.8600503858840487,-0.8135007183596922,0.8599180450287647,0.9037954948127294,0.8893089909141384,10.0,11.0,6.0,3.0,0.0,0.0,1.0,-1.0442911924132594,0.267531043144053,2.670448779468032,0.0,0.1787395937337656,76,-0.6775595529837853,1.0,0.4039553477756964,-0.5533328224089644
-0.7863565373516285,-0.8600503858840487,-0.8135007183596922,0.8599180450287647,0.9037954948127294,0.8893089909141384,10.0,11.0,6.0,0.0,0.0,0.0,1.0,-1.0442911924132594,0.267531043144053,2.670448779468032,0.0,0.1787395937337656,76,-0.6775595529837853,1.0,0.4039553477756964,-0.5469497224836806
-0.7723499213823153,-0.8733369013068367,-0.7885827674982522,0.762963116942255,0.9212467731916042,0.8720652360074824,10.0,11.0,6.0,11.0,0.0,1.0,0.0,-1.0442911924132594,0.267531043144053,2.670448779468032,0.0,0.1787395937337656,76,-0.6775595529837853,1.0,0.7388123048036751,-0.3719497224836805
-0.7723499213823153,-0.8733369013068367,-0.7885827674982522,0.762963116942255,0.9212467731916042,0.8720652360074824,10.0,11.0,6.0,8.0,0.0,1.0,0.0,-1.0442911924132594,0.267531043144053,2.670448779468032,0.0,0.1787395937337656,76,-0.6775595529837853,1.0,0.7388123048036751,-0.5073161877060581
-0.7447856194427048,-0.6515669154844969,-0.6695146045751196,0.7241811457076512,0.7990878245394806,0.9065527458207944,10.0,11.0,6.0,6.0,0.0,1.0,0.0,-1.0442911924132594,0.267531043144053,2.670448779468032,0.0,0.1787395937337656,76,-0.6775595529837853,1.0,0.326693889984182,-0.1648464846241614
-0.7471200554375904,-0.8415148767139863,-0.76224902397423,0.762963116942255,0.9910518867071034,0.9237965007274502,10.0,11.0,7.0,0.0,0.0,0.0,1.0,-1.0442911924132594,0.267531043144053,2.670448779468032,0.0,0.1787395937337656,76,-0.6775595529837853,1.0,-0.6789190819868953,-0.5498464846241615
-0.7471200554375904,-0.8415148767139863,-0.76224902397423,0.762963116942255,0.9910518867071034,0.9237965007274502,10.0,11.0,7.0,0.0,0.0,0.0,1.0,-1.0442911924132594,0.267531043144053,2.670448779468032,0.0,0.1787395937337656,76,-0.6775595529837853,1.0,-0.6789190819868953,-0.5148464846241615
-0.7471200554375904,-0.8415148767139863,-0.76224902397423,0.762963116942255,0.9910518867071034,0.9237965007274502,10.0,11.0,7.0,0.0,0.0,0.0,1.0,-1.0442911924132594,0.267531043144053,2.670448779468032,0.0,0.1787395937337656,76,-0.6775595529837853,1.0,-0.6789190819868953,0.3503319821290128
-0.1542630987364632,0.241582176825148,-0.4364751323141493,-2.39776753867796,-0.3352452700873811,0.9237965007274502,10.0,11.0,7.0,0.0,0.0,0.0,1.0,-1.0442911924132594,0.267531043144053,2.670448779468032,0.0,0.1787395937337656,76,-0.6775595529837853,1.0,0.3112219283074918,0.2803319821290128
-0.1542630987364632,0.241582176825148,-0.4364751323141493,-2.39776753867796,-0.3352452700873811,0.9237965007274502,10.0,11.0,7.0,0.0,0.0,0.0,1.0,-1.0442911924132594,0.267531043144053,2.670448779468032,0.0,0.1787395937337656,76,-0.6775595529837853,1.0,0.3112219283074918,2.6861782774766643
0.7433275412970322,2.552533689589965,1.910767522980276,-1.7966469845415995,-1.8884090458072376,-1.1109665782579483,10.0,11.0,7.0,0.0,0.0,0.0,1.0,-0.3685453020548533,0.0976666373720728,2.0963948877558067,0.0,0.9244313635408176,16,0.4836760049392088,1.0,0.2319252830765417,1.8496302792327164
1.2932667900921866,1.418094915960305,1.2992866720111818,-1.660910085220486,-1.4346758079564932,-1.197185352791228,10.0,11.0,7.0,0.0,0.0,0.0,1.0,-0.3685453020548533,0.0976666373720728,2.0963948877558067,0.0,0.9244313635408176,16,0.4836760049392088,1.0,0.3101294824246627,-0.6937626265741573
-0.7257509874844074,-0.7109461572505379,-0.7721595726123024,0.8793090306460667,0.9037954948127294,0.9065527458207944,10.0,11.0,6.0,6.0,0.0,0.0,1.0,-0.3685453020548533,0.0976666373720728,2.0963948877558067,0.0,0.9244313635408176,16,0.4836760049392088,1.0,0.0527242138916798,0.469480245744769
-0.0765084229068136,0.2402699283883296,0.5523144632330046,-0.4004960200958606,-0.4399529403606299,-0.093585038765249,10.0,11.0,7.0,6.0,1.0,0.0,0.0,-0.3685453020548533,0.0976666373720728,2.0963948877558067,0.0,0.9244313635408176,16,0.4836760049392088,1.0,-0.0518929190256377,0.434480245744769
-0.0765084229068136,0.2402699283883296,0.5523144632330046,-0.4004960200958606,-0.4399529403606299,-0.093585038765249,10.0,11.0,7.0,0.0,0.0,1.0,0.0,-0.3685453020548533,0.0976666373720728,2.0963948877558067,0.0,0.9244313635408176,16,0.4836760049392088,1.0,-0.0518929190256377,0.399480245744769
-0.0765084229068136,0.2402699283883296,0.5523144632330046,-0.4004960200958606,-0.4399529403606299,-0.093585038765249,10.0,11.0,7.0,0.0,0.0,1.0,0.0,-0.3685453020548533,0.0976666373720728,2.0963948877558067,0.0,0.9244313635408176,16,0.4836760049392088,1.0,-0.0518929190256377,-0.3787626265741572
-0.7257509874844074,-0.7109461572505379,-0.7721595726123024,0.8793090306460667,0.9037954948127294,0.9065527458207944,10.0,11.0,6.0,0.0,0.0,0.0,1.0,-0.3685453020548533,0.0976666373720728,2.0963948877558067,0.0,0.9244313635408176,16,0.4836760049392088,1.0,0.0527242138916798,-0.5537626265741573
-0.7257509874844074,-0.7109461572505379,-0.7721595726123024,0.8793090306460667,0.9037954948127294,0.9065527458207944,10.0,11.0,6.0,0.0,0.0,0.0,1.0,-0.3685453020548533,0.0976666373720728,2.0963948877558067,0.0,0.9244313635408176,16,0.4836760049392088,1.0,0.0527242138916798,2.034396654895599
0.767390189244314,1.9284775423554303,2.0761321059698346,-0.9822255886149184,-2.045470551217111,-2.145591872657304,10.0,11.0,7.0,0.0,0.0,0.0,1.0,-0.3685453020548533,0.0976666373720728,2.0963948877558067,0.0,0.9244313635408176,16,0.4836760049392088,1.0,0.3906322644290275,1.0295399993271506
0.5415809871500243,0.5200038009740798,0.7498221388462305,-0.7973257212683501,-0.6446005805334939,-1.3980131252673902,10.0,11.0,7.0,6.0,1.0,0.0,0.0,-0.3685453020548533,0.0976666373720728,2.0963948877558067,0.0,0.9244313635408176,16,0.4836760049392088,1.0,0.3524921863693803,1.7658199444365343
0.8836630589895754,1.4986341637700449,0.6982826867451918,-1.4670002290474669,-1.1554553538944965,-1.61103547055097,10.0,11.0,7.0,8.0,0.0,1.0,0.0,-0.3685453020548533,0.0976666373720728,2.0963948877558067,0.0,0.9244313635408176,16,0.4836760049392088,1.0,0.5836144714522311,1.4508199444365344
0.8836630589895754,1.4986341637700449,0.6982826867451918,-1.4670002290474669,-1.1554553538944965,-1.61103547055097,10.0,11.0,7.0,5.0,1.0,0.0,0.0,-0.3685453020548533,0.0976666373720728,2.0963948877558067,0.0,0.9244313635408176,16,0.4836760049392088,1.0,0.5836144714522311,2.069396654895599
0.767390189244314,1.9284775423554303,2.0761321059698346,-0.9822255886149184,-2.045470551217111,-2.145591872657304,10.0,11.0,7.0,0.0,0.0,0.0,1.0,-0.3685453020548533,0.0976666373720728,2.0963948877558067,0.0,0.9244313635408176,16,0.4836760049392088,1.0,0.3906322644290275,2.419396654895599
0.767390189244314,1.9284775423554303,2.0761321059698346,-0.9822255886149184,-2.045470551217111,-2.145591872657304,10.0,11.0,7.0,8.0,1.0,0.0,0.0,-0.3685453020548533,0.0976666373720728,2.0963948877558067,0.0,0.9244313635408176,16,0.4836760049392088,1.0,0.3906322644290275,1.5616267507578532
1.090881162315239,1.0472680068138862,1.0563269150375547,-1.6380909809537807,-1.0588572128217213,-1.8813500670316128,10.0,11.0,7.0,0.0,0.0,0.0,1.0,-0.3685453020548533,0.0976666373720728,2.0963948877558067,0.0,0.9244313635408176,16,0.4836760049392088,1.0,0.3270708664525958,2.086626750757853
