date_start,driver_number,duration_sector_1,duration_sector_2,duration_sector_3,i1_speed,i2_speed,lap_duration,lap_number,segments_sector_1,segments_sector_2,segments_sector_3,st_speed
2025-04-11 15:01:58.347000+00:00,16,-0.6322605172527503,-0.7797349702946855,-0.728151532052238,0.7199701131044103,0.9419869363359068,-0.8346647166021848,2,10.0,11,6,0.777996378129188
2025-04-11 15:02:20.403000+00:00,27,-0.6485780060935351,-0.7222024958505768,-0.7231623895559235,0.7199701131044103,0.9208661530099896,-0.8149625569005926,2,10.0,11,6,0.8387294182133935
2025-04-11 15:02:25.635000+00:00,5,-0.6610560857953118,-0.7427421269138008,-0.6909910224245159,0.7447888885483104,0.9842285029877412,-0.8207629494161462,2,10.0,11,6,0.879218111602864
2025-04-11 15:02:32.086000+00:00,10,-0.6835592893600543,-0.7913490025189164,-0.7383018564412919,0.7199701131044103,0.9208661530099896,-0.8657279756937459,2,10.0,11,6,0.8994624582975992
2025-04-11 15:02:46.057000+00:00,7,-0.6430321928927455,-0.7786595969405902,-0.7333127139449768,0.6951513376605102,0.8997453696840724,-0.8404651091177384,2,10.0,11,6,0.8994624582975992
2025-04-11 15:02:58.765000+00:00,55,-0.6533772675172955,-0.7234929438754915,-0.7068186468955825,0.7199701131044103,0.8786245863581552,-0.8131409460279388,2,10.0,11,6,0.7577520314344527
2025-04-11 15:03:11.766000+00:00,44,-0.6898516543378733,-0.8279116965581631,-0.7629034901300146,0.6951513376605102,1.0475908529654927,-0.8917098991931692,2,10.0,11,7,0.9197068049923345
2025-04-11 15:03:17.736000+00:00,14,-0.657643277671749,1.709539269765535,6.766056615601431,0.7199701131044103,-2.5640630957663477,2.3517641338224626,2,10.0,11,7,0.8387294182133935
2025-04-11 15:03:30.053000+00:00,18,-0.6490046071089806,-0.7782294475989515,-0.6921952981994887,0.7447888885483104,0.9208661530099896,-0.8315008661391553,2,10.0,11,6,0.8387294182133935
2025-04-11 15:03:31.695000+00:00,16,1.7122320133810647,3.215061965499208,0.4288134089034548,-2.3079204910513993,-1.8881980293369973,2.322282799962416,3,10.0,11,7,-3.2506286141231193
2025-04-11 15:03:36.523000+00:00,1,-0.6967839208388605,1.645447017861444,2.4908776144491696,0.7447888885483104,-2.458459179136762,1.114363042880376,2,10.0,11,7,0.8589737649081288
2025-04-11 15:03:54.051000+00:00,27,1.1910322227607018,2.8835243604315712,0.6662277759694555,-1.9108200839489982,-2.0994058625961696,2.0063771249417535,3,10.0,11,7,-2.0359678124390066
2025-04-11 15:03:59.216000+00:00,5,1.2782721304192768,2.6397372210581262,2.2763444871076457,-2.6305645718221005,-1.4657823628186535,2.385559809223003,3,10.0,11,7,-2.056212159133742
2025-04-11 15:04:00.265000+00:00,6,-0.6688415543271896,-0.7908113158418691,-0.7510327717767148,0.6455137867727101,1.0053492863136584,-0.8624203138460332,2,10.0,11,6,0.8994624582975992
2025-04-11 15:04:04.679000+00:00,10,1.5870246153478529,2.0112890329247275,0.3274822044093425,-2.3575580419391997,-1.2545745295594815,1.7011614295158732,3,10.0,11,7,-0.8213070107548939
2025-04-11 15:04:10.501000+00:00,4,-0.6606294847798664,-0.7831761650277906,-0.7579143476337001,0.7696076639922105,0.9419869363359068,-0.8572431039974395,2,10.0,11,6,0.7577520314344527
2025-04-11 15:04:12.149000+00:00,30,1.0508937891869023,1.9217104325285725,0.8448046694582295,-2.2582829401635993,-1.4869031461445708,1.5643968026821933,3,10.0,11,7,-0.3151983433865136
2025-04-11 15:04:19.301000+00:00,7,1.357299968530529,2.551986755363935,0.0823260645042334,-2.2334641647196993,-2.268372129203507,1.770622328317836,3,10.0,11,7,-1.5096147983758912
2025-04-11 15:04:25.958000+00:00,23,1.5448977650726243,3.4061558105219754,1.06845588481026,-2.4320143682708997,-2.690787795721851,2.510483965384436,3,10.0,11,7,-1.6513252252390376
2025-04-11 15:04:32.462000+00:00,55,1.6118741244975452,2.9865451277539186,3.392192012317849,-2.3823768173830997,-2.39509682915901,3.001024598538675,3,10.0,11,6,-3.594782507933618
2025-04-11 15:04:36.783000+00:00,31,1.8141896560725053,2.79104225197936,2.0772949054443384,-2.6305645718221005,-2.2261305625516727,2.6384281606242164,3,10.0,11,7,-3.29111730751259
2025-04-11 15:04:43.792000+00:00,44,0.15961761766769147,0.14175245682973275,0.30098813735994817,0.07468195156300822,-0.9377627796707236,0.21880161333014708,3,10.0,11,7,-2.623053866586328
2025-04-11 15:05:03.396000+00:00,18,1.3146398669859936,2.2383003479742825,2.020349865227784,-2.3327392664952997,-2.3317344791812586,2.1516266234717394,3,10.0,11,7,-1.9954791190495362
2025-04-11 15:05:14.766000+00:00,12,0.9704794977754522,1.790514883328924,2.1115307453328422,-1.9604576348367984,-1.8248356793592457,1.8227299867013662,3,10.0,11,7,-1.0439948243969812
2025-04-11 15:05:23.816000+00:00,81,1.2669672035099746,2.2773364007279486,0.6586580425267713,-1.9356388593928981,-2.500700745788596,1.768177534778223,3,10.0,11,7,-2.137189545912683
2025-04-11 15:05:32.984000+00:00,6,0.7202780022167512,2.1751759320888775,1.2250117355566803,-1.2903506978514963,-1.9093188126629146,1.6347205697922562,3,10.0,11,7,-1.8942573855758602
2025-04-11 15:05:43.217000+00:00,4,1.4012398731214006,2.2799172967777777,0.3083858314062081,-1.8860013085050982,-2.057164295944335,1.7320808772227505,3,10.0,11,7,-1.9145017322705955
2025-04-11 15:05:50.526000+00:00,1,2.3077670309427822,2.283896178187932,1.4939093121683904,-2.2831017156074993,-2.268372129203507,2.4716548915199845,3,10.0,11,7,-2.926719067007356
2025-04-11 15:06:00.963000+00:00,63,-0.6917713589073775,-0.7879078077858112,-0.7573982294444261,0.7944264394361106,0.9842285029877412,-0.8732061676972696,2,10.0,11,6,0.8184850715186583
2025-04-11 15:06:10.804000+00:00,16,-0.6507110111707618,-0.8104906482218164,-0.7510327717767148,0.6951513376605102,0.9208661530099896,-0.8630434965129938,4,10.0,11,6,0.7982407248239232
2025-04-11 15:06:25.095000+00:00,87,1.7959524626622163,2.0850596450156766,0.18640989934113902,-2.3327392664952997,-1.3601784461890676,1.788646688531458,4,10.0,11,7,-3.210139920733649
2025-04-11 15:06:26.789000+00:00,27,-0.6410058380693803,-0.7455380976344494,-0.6889265496674202,0.62069501132881,0.963107719661824,-0.8124218891045231,4,10.0,11,7,0.8184850715186583
2025-04-11 15:06:30.966000+00:00,10,-0.6290610096369101,-0.7669380273809493,-0.7279794926558132,0.7199701131044103,0.9208661530099896,-0.8274741473680268,4,10.0,11,7,0.9197068049923345
2025-04-11 15:06:39.728000+00:00,5,-0.6614826868107574,-0.7729601181638837,-0.6474650551290825,0.7447888885483104,1.0475908529654927,-0.8222969375194331,4,10.0,11,6,0.9399511516870697
2025-04-11 15:06:47.123000+00:00,7,-0.6506043609169008,-0.7744656408596177,-0.6109927030870591,0.7447888885483104,0.9419869363359068,-0.8079157990511178,4,10.0,11,7,0.879218111602864
2025-04-11 15:07:09.206000+00:00,23,0.5087905488097155,1.3076722473400535,0.8291490843835885,-0.42169355731499336,-2.5640630957663477,1.0426490990517092,4,10.0,11,7,0.7577520314344527
2025-04-11 15:07:22.613000+00:00,31,2.071430068386055,2.561127428873747,0.5647245320789189,-2.2334641647196993,-1.8670772460110803,2.230099702380514,4,10.0,11,7,-2.6635425599757983
2025-04-11 15:07:25.852000+00:00,55,-0.28138118204894513,0.9835547184156751,1.3731376558782946,-0.2479621292076928,-1.7614733293814941,0.6945776109902493,4,10.0,11,7,0.7577520314344527
2025-04-11 15:07:39.001000+00:00,18,-0.6436720944159136,-0.7479039190134593,-0.6739591221784768,0.7447888885483104,0.8997453696840724,-0.8105044039754147,4,10.0,11,7,0.7982407248239232
2025-04-11 15:07:51.583000+00:00,81,0.640610262582331,1.467150115752413,0.2748381491034036,-1.861182533061198,-1.402420012840902,1.0185367235531677,4,10.0,11,7,0.777996378129188
2025-04-11 15:08:00.674000+00:00,27,0.8782270281853944,1.01581591903854,1.3860406106101417,-0.918069066192995,-1.3390576628631503,1.2337744292956223,5,10.0,11,7,-1.5298591450706265
2025-04-11 15:08:04.537000+00:00,10,1.2228139984113802,1.7805139111358372,1.1943887229930952,-2.0597327366123985,-1.317936879537233,1.6761382485810035,5,10.0,11,7,-0.39617573016545443
2025-04-11 15:08:10.264000+00:00,4,-0.6684149533117442,0.6414784544779027,0.876115839607514,0.7696076639922105,-1.7614733293814941,0.22963540430961202,4,10.0,11,7,0.7577520314344527
2025-04-11 15:08:20.912000+00:00,7,1.1353607902450822,1.7042699403304673,1.470511954254639,-1.9604576348367984,-1.3812992295149846,1.679781470326311,5,10.0,11,7,-2.440854746333711
2025-04-11 15:08:32.893000+00:00,1,1.0792627567140183,1.3795071873936315,1.6726582450535898,-1.5137196768465968,-0.7899172963893032,1.566122539298391,4,10.0,11,7,-1.7120582653232432
2025-04-11 15:09:12.897000+00:00,18,1.744547040301051,3.764577749441999,0.545628159075784,-2.4320143682708997,-2.6485462290700164,2.6143157851256733,5,10.0,11,7,-2.623053866586328
2025-04-11 15:09:14.513000+00:00,30,0.34390925634008546,1.4018749531588175,0.39234105686143156,-1.1910755960758959,-0.7054341630856344,0.8888188545689631,5,10.0,11,7,0.9197068049923345
2025-04-11 15:09:21.666000+00:00,23,-0.6621225883339255,0.846337078433092,0.7599892470208837,0.6951513376605102,-1.7614733293814941,0.29142636259514,5,10.0,11,7,0.777996378129188
2025-04-11 15:10:05.832000+00:00,4,0.8696950078764868,1.5521046107259566,-0.3040744198655046,-1.836363757617298,-0.980004346322558,0.9980675697999325,5,10.0,11,7,-1.9752347723548012
2025-04-11 15:10:28.716000+00:00,22,1.0252977282601807,2.194532652462597,0.3777177081653371,-2.2582829401635993,-2.0782850792702523,1.5443590830830067,5,10.0,11,7,0.8994624582975992
2025-04-11 15:10:37.345000+00:00,16,-0.6820661858059955,-0.8094152748677204,0.2251187635366829,0.7447888885483104,0.9842285029877412,-0.6046623753655935,6,10.0,11,7,0.8994624582975992
2025-04-11 15:10:43.306000+00:00,12,0.8435656956804589,1.0728107068056005,0.7799458170061416,-1.563357227734397,-1.529144712796405,1.0747190378360532,5,10.0,11,7,0.8994624582975992
2025-04-11 15:10:48.006000+00:00,5,-0.599412239063458,-0.7118789116512606,-0.2337103067278271,0.7199701131044103,0.9419869363359068,-0.6518804466698958,6,10.0,11,7,0.879218111602864
2025-04-11 15:10:56.315000+00:00,1,-0.6860122451988654,-0.8113509469050924,-0.7579143476337001,0.7447888885483104,0.9419869363359068,-0.8812116681112986,5,10.0,11,6,0.8589737649081288
2025-04-11 15:11:04.897000+00:00,55,1.9881362201203492,3.0510675289996483,0.9356414707704395,-1.7370886558416976,-2.0994058625961696,2.5144148098991104,6,10.0,11,7,-2.4003660529442405
2025-04-11 15:11:18.518000+00:00,23,1.2266534075503885,2.223997882364813,0.941490810248877,-2.3079204910513993,-2.0360435126184178,1.8050891235135649,6,10.0,11,7,-2.1776782393021534
2025-04-11 15:11:33.814000+00:00,31,1.4013465233752616,2.7580282900086286,2.2209478014589115,-2.3079204910513993,-2.7541501456996023,2.4781743409589554,6,10.0,11,7,-1.9549904256600659
2025-04-11 15:11:36.854000+00:00,81,1.4410204178116797,2.6736114817121335,2.0477041292593015,-2.9532086525928016,-1.613627846100074,2.410103618875595,6,10.0,11,7,-2.4813434397231813
2025-04-11 15:11:58.209000+00:00,18,-0.6419656903541323,-0.7544636964734417,-0.6624324826180259,0.7696076639922105,0.9208661530099896,-0.8094497871544046,6,10.0,11,7,0.777996378129188
2025-04-11 15:12:17.336000+00:00,4,0.563075528025137,1.1177613130067916,0.03432707290175932,-1.3399882487392962,-2.5640630957663477,0.7609225964574111,6,10.0,11,6,0.6970189913502471
2025-04-11 15:12:28.643000+00:00,1,-0.21131196526204502,-0.5045469289816513,0.2244306059509841,-0.04941192565649218,0.2872426532324737,-0.257357881355776,6,10.0,11,7,-0.6795965838917474
2025-04-11 15:12:46.350000+00:00,10,-0.646338350762447,-0.7671531020517679,-0.7353771867020725,0.7447888885483104,0.9208661530099896,-0.8373971329111641,7,10.0,11,7,0.8589737649081288
2025-04-11 15:13:06.128000+00:00,27,-0.6394060842614601,-0.6866076378300169,-0.06373538306028456,0.7199701131044103,0.963107719661824,-0.6112297619327909,7,10.0,11,7,0.8387294182133935
2025-04-11 15:13:18.174000+00:00,7,-0.6299142116678007,-0.7416667535597056,-0.7190334440417321,0.6951513376605102,0.9208661530099896,-0.8140996885924937,7,10.0,11,7,0.8387294182133935
2025-04-11 15:13:32.012000+00:00,18,1.1025125120557897,1.425640704284328,0.692033685433151,-1.7619074312855976,-1.4657823628186535,1.3238962303637318,7,10.0,11,7,-1.2666826380390686
2025-04-11 15:13:42.604000+00:00,63,-0.6949708665232178,-0.8285569205706204,-0.7900857147651077,0.7199701131044103,1.0053492863136584,-0.9018725703774456,5,10.0,11,7,0.8589737649081288
2025-04-11 15:13:46.984000+00:00,23,-0.6700147071196643,-0.7446777989511727,-0.7056143711206103,0.6951513376605102,0.857503803032238,-0.8297271923947295,7,10.0,11,7,0.8184850715186583
2025-04-11 15:13:53.984000+00:00,44,-0.7121415573948932,1.828583100063904,2.4136319254545073,0.7696076639922105,-2.162768212573921,1.1675732552131435,5,10.0,11,7,0.8994624582975992
2025-04-11 15:14:03.565000+00:00,6,-0.6574299771640265,-0.7409139922118382,-0.7209258774024029,0.6703325622166101,0.9842285029877412,-0.8266592161881559,5,10.0,11,7,0.8387294182133935
2025-04-11 15:14:16.256000+00:00,31,2.004667009468857,1.9935453725821515,0.22718323629377862,-2.134189062944099,-1.2545745295594815,1.853026251741283,7,10.0,11,7,-2.3801217062495055
2025-04-11 15:14:19.703000+00:00,10,0.5066575437324892,0.292842413080148,0.24851612145043356,-0.47133110820279356,-0.7265549464115516,0.42751986963363214,8,10.0,11,7,-0.29495399669177835
2025-04-11 15:14:23.912000+00:00,4,-0.6049580522642476,-0.7758636262199416,0.6156481934206117,0.7696076639922105,0.9419869363359068,-0.44623016657298503,7,10.0,11,7,0.777996378129188
2025-04-11 15:14:25.380000+00:00,22,0.7166518935854658,0.6550281587395056,0.49246798558057114,-1.9356388593928981,-0.980004346322558,0.7513351708118674,7,10.0,11,7,-1.0642391710917165
2025-04-11 15:14:28.756000+00:00,12,-0.0009976646474851036,0.11938469106454691,0.4215877542536197,-0.42169355731499336,-0.9166419963448064,0.17024130243546914,7,10.0,11,7,-0.39617573016545443
2025-04-11 15:14:51.872000+00:00,7,0.27938585275397565,-0.005896304687577335,0.8461809846296271,-0.7691564135295945,-1.0433666963003096,0.3587300906268566,8,10.0,11,7,-0.8617957041443643
2025-04-11 15:15:14.389000+00:00,63,0.11034520038375326,0.7504137752477749,0.24886020024328326,-1.240713146963696,-0.9588835629966408,0.45345385600482746,6,10.0,11,7,-0.2139766099128375
2025-04-11 15:15:20.351000+00:00,23,-0.07000037889577128,0.42597363431716856,0.4183190057215519,-1.1166192697441957,-0.8321588630411376,0.2749839276130332,8,10.0,11,7,-0.15324356982863188
2025-04-11 15:15:36.992000+00:00,6,-0.07874569971240115,0.7108400358170617,0.612207405492119,-1.0918004943002955,-0.4942263298264625,0.45206367928622315,6,10.0,11,7,0.3528650975397485
2025-04-11 15:15:58.588000+00:00,87,-0.6356733253763133,-0.7552164578213083,-0.6808406980354621,0.7199701131044103,0.963107719661824,-0.8120863292069295,8,10.0,11,6,0.6970189913502471
2025-04-11 15:16:08.976000+00:00,44,1.6521879204571315,1.1811008035630153,-0.13994883567639957,-1.240713146963696,-0.7899172963893032,1.2301312075503146,6,10.0,11,7,-2.440854746333711
2025-04-11 15:16:10.116000+00:00,55,-0.6427122421311615,-0.7595179512376902,-0.7097433166348018,0.7199701131044103,0.8997453696840724,-0.8252211023413242,8,10.0,11,6,0.7375076847397175
2025-04-11 15:16:38.096000+00:00,81,-0.6492179076167032,-0.8052213187867486,-0.15181955402969946,0.7447888885483104,0.963107719661824,-0.6930584398175053,8,10.0,11,7,0.7172633380449823
2025-04-11 15:16:45.634000+00:00,31,-0.6354600248685907,-0.7517752630882032,-0.7130120651668697,0.7447888885483104,0.9208661530099896,-0.8194207098257699,8,10.0,11,7,0.6767746446555118
2025-04-11 15:17:32.311000+00:00,87,-0.4646063181827255,-0.5159458865350636,0.06408988848322145,0.3725072568898092,0.5406920531434801,-0.4209672999969775,9,10.0,11,7,0.3528650975397485
2025-04-11 15:17:43.602000+00:00,55,-0.27263586123231526,0.026579970606106923,0.6620988304552641,-0.17350580287599257,-0.5364678964782968,0.07379180044130039,9,10.0,11,7,0.3528650975397485
2025-04-11 15:18:19.298000+00:00,31,0.30380876088822223,0.8828997724723381,0.6319919360809528,-0.8684315153051948,-0.8321588630411376,0.7062263331495846,9,10.0,11,7,-0.05202183635495581
2025-04-11 15:18:25.394000+00:00,44,-0.7088353995251918,-0.828771995241439,-0.7725376963297945,0.7696076639922105,1.0264700696395757,-0.9033106842242765,7,10.0,11,6,0.8589737649081288
2025-04-11 15:18:37.413000+00:00,30,-0.6637223421418452,-0.7575822792003183,-0.7235064683487726,0.7696076639922105,1.0264700696395757,-0.8376368185523032,8,10.0,11,7,0.879218111602864
2025-04-11 15:19:57.214000+00:00,44,-0.32404128359348056,-0.4466918425313148,-0.08644458338833706,0.3476884814459091,0.5406920531434801,-0.36885964161344853,8,10.0,11,7,-0.9022843975338348
2025-04-11 15:20:10.657000+00:00,30,-0.2494927561444048,0.12831028990353924,0.10916421034647676,-0.5954249854222939,-0.32526006321912493,-0.024527249553749433,9,10.0,11,7,0.4338424843186893
2025-04-11 15:20:34.466000+00:00,16,-0.7095819513022213,-0.8402784901302606,-0.7849245328723683,0.8192452148800106,0.963107719661824,-0.9122269900746324,8,10.0,11,6,0.8387294182133935
2025-04-11 15:22:47.781000+00:00,23,-0.7100085523176665,-0.8614633452059418,-0.7560219142730292,0.7447888885483104,0.8786245863581552,-0.9138089153061472,10,10.0,11,6,0.777996378129188
2025-04-11 15:23:22.885000+00:00,18,-0.6952908172848018,-0.8264061738624291,-0.7178291682667594,0.7944264394361106,0.9208661530099896,-0.8809240453419322,9,10.0,11,6,0.8184850715186583
2025-04-11 15:23:40.998000+00:00,1,-0.7325117558824092,-0.8759808854862307,-0.7594627022015219,0.7944264394361106,0.963107719661824,-0.931353904237492,8,10.0,11,6,0.8184850715186583
2025-04-11 15:24:32.560000+00:00,5,-0.7022230837857887,-0.8504945369941683,-0.7730538145190685,0.7944264394361106,1.0264700696395757,-0.9101656935608402,8,10.0,11,7,0.879218111602864
2025-04-11 15:24:50.064000+00:00,4,-0.7351780122289425,-0.9210390290228317,-0.7985156451899149,0.8192452148800106,0.9419869363359068,-0.9635197172782903,9,10.0,11,6,0.7375076847397175
2025-04-11 15:25:12.272000+00:00,1,-0.09900924794605533,-0.3062480824864452,0.2247746847438338,0.049863176119108135,-0.11405222995995298,-0.11838814662362131,9,10.0,11,7,-1.5298591450706265
2025-04-11 15:25:31.823000+00:00,81,-0.7270725929354807,-0.9220068650415177,-0.8365363517997599,0.7944264394361106,0.9842285029877412,-0.9709020350253594,10,10.0,11,6,0.7577520314344527
2025-04-11 15:25:40.776000+00:00,10,-0.7040361381014314,-0.8461930435777865,-0.7469038262625233,0.7696076639922105,0.963107719661824,-0.9017766961209897,10,10.0,11,7,0.8589737649081288
2025-04-11 15:25:51.533000+00:00,63,-0.7507489492926981,-0.8457628942361477,-0.8296547759427746,0.8192452148800106,1.0053492863136584,-0.945639168449352,8,10.0,11,6,0.8994624582975992
2025-04-11 15:26:02.446000+00:00,12,-0.7012632315010365,-0.8716793920698488,-0.8344718790426642,0.7944264394361106,0.9842285029877412,-0.9362914284449466,9,10.0,11,6,0.8387294182133935
2025-04-11 15:26:10.434000+00:00,7,-0.7020097832780661,-0.8552261797521881,-0.7630755295264394,0.7696076639922105,0.963107719661824,-0.9093986995091972,10,10.0,11,7,0.879218111602864
2025-04-11 15:26:17.213000+00:00,55,-0.7165142178032081,-0.8492040889692537,-0.7776988782225339,0.7696076639922105,0.9208661530099896,-0.9173083256667702,11,10.0,11,7,0.8184850715186583
2025-04-11 15:26:20.660000+00:00,4,0.1583378146213561,-0.1420385713160651,0.5120804767729794,-0.8187939644173946,-0.6209510297819657,0.15053914273387695,10,10.0,11,7,-1.5298591450706265
2025-04-11 15:26:25.746000+00:00,6,-0.7266459919200352,-0.8724321534177162,-0.7904297935579567,0.7696076639922105,1.0264700696395757,-0.935764120034442,8,10.0,11,6,0.9197068049923345
2025-04-11 15:27:02.210000+00:00,81,0.09541416484316573,0.9022564928460567,0.06460600667249539,-0.5954249854222939,-0.3041392798932077,0.4630892187785985,11,10.0,11,7,-1.6108365318495672
2025-04-11 15:27:22.442000+00:00,63,0.31372723449732637,0.8872012658887206,0.9808878320301191,-1.2158943715197958,-0.8955212130188892,0.8098184672496833,9,10.0,11,7,-0.6593522371970122
2025-04-11 15:27:23.218000+00:00,16,-0.7283523959818168,-0.8482362529505677,-0.7551617172909062,0.7696076639922105,0.9842285029877412,-0.9159181489481666,11,10.0,11,6,0.98043984507654
2025-04-11 15:27:33.574000+00:00,12,0.5912311950445309,0.9253770199591099,0.6471314029663205,-1.3151694732953962,-0.8955212130188892,0.8585705266572731,10,10.0,11,7,-0.639107890502277
2025-04-11 15:27:42.056000+00:00,7,1.0713706379282795,1.872135720904771,3.4966199259476043,-3.3999466105830027,-2.0149227292925005,2.2904046096909836,11,10.0,11,7,-0.355687036775984
2025-04-11 15:27:48.731000+00:00,55,0.7388351463886241,1.6985704615537607,2.1559169096103985,-1.4640821259587966,-1.845956462685163,1.6899920786388147,12,10.0,11,7,-0.6795965838917474
2025-04-11 15:27:52.800000+00:00,27,-0.6941176644923268,-0.791241465183507,-0.7283235714486622,0.8192452148800106,1.0053492863136584,-0.8676454608228543,9,10.0,11,6,0.98043984507654
2025-04-11 15:27:56.883000+00:00,6,0.7298765250642713,1.418328165476478,0.37582527480466627,-0.7691564135295945,-1.5925070627741567,1.0650357379340543,9,10.0,11,7,-1.3476600248180095
2025-04-11 15:28:31.093000+00:00,22,1.3594329736077553,3.8560920218755244,0.17419510219499007,-2.5312894700465,-2.1416474292480037,2.3785130513735293,9,10.0,11,7,-0.4569087702496601
2025-04-11 15:28:40.944000+00:00,30,-0.7116083061255866,-0.8492040889692537,-0.7713334205548218,0.7447888885483104,1.0264700696395757,-0.9133295440238697,11,10.0,11,6,0.9197068049923345
2025-04-11 15:28:54.762000+00:00,16,0.06491219223882264,0.26692591524644693,0.18228095382694817,-0.42169355731499336,-0.09293144663403578,0.19895564224387244,12,10.0,11,7,-0.5176418103338657
2025-04-11 15:28:55.486000+00:00,87,-0.7241930360812244,-0.8523226716961302,-0.7670324356442061,0.7696076639922105,1.0264700696395757,-0.9191778736676514,11,10.0,11,7,1.0006841917712752
2025-04-11 15:30:12.670000+00:00,30,0.5220151802885218,1.0614117492521884,0.4434367575995492,-1.8860013085050982,-0.874400429692972,0.8313422378239287,12,10.0,11,7,-0.1937322632181023
2025-04-11 15:30:14.815000+00:00,55,1.369244796962999,0.7520268352789181,-0.3422671658717739,-1.265531922407596,-0.11405222995995298,0.8553108019377876,13,10.0,11,7,-3.473316427765207
2025-04-11 15:30:23.103000+00:00,18,-0.672680963466198,-0.8182333363713034,-0.7255709411058683,0.7944264394361106,0.9208661530099896,-0.8692753231825969,12,10.0,11,7,0.8184850715186583
2025-04-11 15:30:54.351000+00:00,31,1.463416971122561,2.6921079034025754,1.9997051376568267,-2.134189062944099,-2.162768212573921,2.4150411430830503,12,10.0,11,7,-2.623053866586328
2025-04-11 15:31:55.705000+00:00,18,0.3336708319693973,0.3908089256382457,0.9373618647346855,-1.3151694732953962,-1.317936879537233,0.5853768328875073,13,10.0,11,7,-1.874013038881125
2025-04-11 15:32:23.428000+00:00,55,-0.6884652010376762,-0.8076946775011677,-0.09693898657024,0.7447888885483104,0.8997453696840724,-0.6965099130499012,14,10.0,11,7,0.7375076847397175
2025-04-11 15:32:55.873000+00:00,14,-0.6636156918879841,-0.8041459454326526,-0.7075068044812812,0.7447888885483104,0.8786245863581552,-0.8538875050214996,4,10.0,11,6,0.7577520314344527
2025-04-11 15:33:07.946000+00:00,10,-0.6851590431679744,-0.8382352807574793,-0.7269472562772653,0.7447888885483104,0.9208661530099896,-0.8841837700614176,13,10.0,11,7,0.8387294182133935
2025-04-11 15:33:14.790000+00:00,7,-0.681212983775105,-0.8216745311044094,-0.758946584012248,0.7447888885483104,0.9208661530099896,-0.8839440844202786,13,10.0,11,7,0.8387294182133935
2025-04-11 15:33:37.688000+00:00,44,-0.7410437761913161,-0.8941546951704447,-0.6743032009713258,0.7944264394361106,1.06871163629141,-0.9195613706934735,10,10.0,11,6,0.879218111602864
2025-04-11 15:34:28.728000+00:00,14,0.7811752971715755,0.9240865719341953,0.3147512890739196,-3.0028462034806016,-1.296816096211316,0.8507567747561545,5,10.0,11,7,-0.9427730909233052
2025-04-11 15:34:40.345000+00:00,10,-0.424825773492446,-0.4794907298312269,0.3252456922558225,0.27323215511420884,-0.8955212130188892,-0.3140675040491668,14,10.0,11,7,-0.23422095660757272
2025-04-11 15:34:47.107000+00:00,7,0.4102457142418383,0.5929791162081965,0.32610588923794553,-1.0918004943002955,-0.4308639798487109,0.5395968754300366,14,10.0,11,7,-1.3881487182074799
2025-04-11 15:34:54.247000+00:00,27,-0.6867587969758945,-0.7944675852457936,-0.7630755295264394,0.7696076639922105,1.0053492863136584,-0.8754592127239729,12,10.0,11,7,0.8994624582975992
2025-04-11 15:35:09.164000+00:00,44,0.27874595123080764,-0.09687289044405469,0.06684251882601597,-0.6450625363100941,-0.15629379661178736,0.10073246650527783,11,10.0,11,7,-1.8537686921863898
2025-04-11 15:35:41.926000+00:00,16,-0.7209935284653846,-0.8868421563625957,-0.8096982059575166,0.7199701131044103,0.9842285029877412,-0.9450159857823914,14,10.0,11,6,0.8387294182133935
2025-04-11 15:35:43.017000+00:00,4,-0.536808540046852,-0.5655205981588651,-0.611164742483484,0.5462386849971097,0.22388030325472216,-0.6636729802139142,12,10.0,11,7,0.312376404150278
2025-04-11 15:35:58.151000+00:00,1,-0.4898824283478627,-0.5292805161258478,-0.5958532362016908,0.5214199095532096,0.22388030325472216,-0.6221594271687103,11,10.0,11,7,0.19091032398186675
2025-04-11 15:36:01.107000+00:00,81,-0.507586370488845,-0.5547668646179109,-0.6003262605087314,0.62069501132881,0.4139673531879769,-0.6427244551784015,13,10.0,11,7,0.3528650975397485
2025-04-11 15:36:12.682000+00:00,31,-0.6924112604305456,-0.831245353955859,-0.7801074297724787,0.7944264394361106,0.9842285029877412,-0.8991401540684656,14,10.0,11,7,0.7577520314344527
2025-04-11 15:36:26.656000+00:00,27,-0.06541441797973378,0.6807295819023881,0.37582527480466627,-0.6698813117539941,-2.0360435126184178,0.3787678102260424,13,10.0,11,7,-0.1734879165233671
2025-04-11 15:36:37.262000+00:00,14,-0.6672418005192695,-0.6105787416954662,0.29995590098140035,0.7199701131044103,0.6674167530989833,-0.48851071366983256,6,10.0,11,7,0.7982407248239232
2025-04-11 15:36:38.834000+00:00,12,-0.5036403110959756,-0.5045469289816513,-0.5810578481091722,0.5958762358849099,0.26612186990655656,-0.6131951841901272,12,10.0,11,7,0.49457552440289493
2025-04-11 15:37:12.916000+00:00,16,0.6075486838853156,0.5386727618263745,0.7173234767075731,-1.1662568206319959,-0.7476757297374689,0.7130813424861483,15,10.0,11,7,-0.7200852772812179
2025-04-11 15:37:38.537000+00:00,81,-0.5023605080496395,-0.5589608206988826,-0.49641446506825,0.5214199095532096,0.4984504864916457,-0.6132910584465824,14,10.0,11,7,0.312376404150278
2025-04-11 15:37:44.638000+00:00,31,-0.39443045114196473,-0.4063653417527342,0.09522901923608114,0.32286970600200904,0.4773297031657285,-0.3319001157498779,15,10.0,11,7,0.3933537909292189
2025-04-11 15:38:16.834000+00:00,12,-0.48966912784014016,-0.5213227533055415,-0.6053154030050458,0.5462386849971097,0.39284656986205974,-0.6211527474759282,13,10.0,11,7,0.33262075084501325
2025-04-11 15:38:20.258000+00:00,23,-0.47729769839222486,-0.5311086508278097,-0.553187465888381,0.4469635832215094,0.4773297031657285,-0.6054293694172366,15,10.0,11,7,0.37310944423448367
2025-04-11 15:38:33.371000+00:00,63,-0.5324358796385371,-0.5300332774737144,-0.6237236184224827,0.5710574604410098,0.4139673531879769,-0.6493877160020541,11,10.0,11,7,0.3933537909292189
2025-04-11 15:39:13.691000+00:00,1,-0.47591124509202726,-0.5364855175982876,-0.5721117994950911,0.49660113410930956,0.2872426532324737,-0.6124761272667114,13,10.0,11,7,0.15042163059239633
2025-04-11 15:39:16.396000+00:00,81,-0.42311936943066436,-0.5599286567175686,-0.5810578481091722,0.5958762358849099,0.5406920531434801,-0.6016902734154751,15,10.0,11,7,0.17066597728713154
2025-04-11 15:40:10.592000+00:00,63,-0.49788119738746306,-0.505407227664928,-0.6061755999871695,0.49660113410930956,0.4773297031657285,-0.6179888970128987,12,10.0,11,7,0.3528650975397485
2025-04-11 15:40:29.450000+00:00,87,-0.5083329222658746,-0.5211076786347221,-0.5385641171922866,0.5214199095532096,0.3717257865361425,-0.6108462649069687,14,10.0,11,7,0.2921320574555428
2025-04-11 15:40:33.454000+00:00,4,-0.5033203603343915,-0.5445508177540032,-0.5807137693163231,0.5214199095532096,0.2872426532324737,-0.6307881102496999,15,10.0,11,7,0.3933537909292189
2025-04-11 15:40:38.447000+00:00,5,-0.4536213420350075,-0.5013208089193655,-0.5524993083026821,0.5462386849971097,0.4984504864916457,-0.5813169939186944,12,10.0,11,7,0.17066597728713154
2025-04-11 15:40:45.007000+00:00,30,-0.4454092724876845,-0.45873602409718434,-0.46888816164030783,0.47178235866540946,0.3506050032102253,-0.5353452879483133,14,10.0,11,7,0.3528650975397485
2025-04-11 15:40:51.688000+00:00,1,-0.48412331463935054,-0.4690596082965006,-0.5609292387274893,0.5214199095532096,0.24500108658063935,-0.582994793406665,14,10.0,11,7,0.21115467067660196
2025-04-11 15:40:54.625000+00:00,81,-0.5036403110959756,-0.560573880730026,-0.6080680333478404,0.6455137867727101,0.5829336197953144,-0.6456965571285199,16,10.0,11,7,0.4540868310134245
2025-04-11 15:41:12.387000+00:00,14,-0.7122482076487546,-0.8406011021364892,-0.7635916477157134,0.7944264394361106,0.9419869363359068,-0.9076250257647712,8,10.0,11,6,0.8184850715186583
2025-04-11 15:41:36.935000+00:00,23,-0.4822036100698464,-0.46336012951979483,-0.09126168648822672,0.49660113410930956,0.4984504864916457,-0.44872289724082665,17,10.0,11,7,0.7982407248239232
2025-04-11 15:41:48.368000+00:00,63,-0.5019339070341939,-0.4823942378872848,-0.584842714830514,0.5214199095532096,0.3506050032102253,-0.6036077585445835,13,10.0,11,7,0.4338424843186893
2025-04-11 15:42:07.419000+00:00,87,-0.45276814000411686,-0.4934705834344685,-0.546305890031395,0.4221448077776093,0.39284656986205974,-0.5757083499160518,15,10.0,11,7,0.2718877107608076
2025-04-11 15:42:20.474000+00:00,18,-0.4312247887241262,-0.4226034793995764,-0.5208440593605486,0.5462386849971097,0.012672469995550197,-0.5273397875342843,15,10.0,11,7,0.3528650975397485
2025-04-11 15:42:23.545000+00:00,55,-0.4731383384916325,-0.4874484926515333,-0.5633377902774341,0.49660113410930956,0.30836343655839094,-0.5869256379213376,16,10.0,11,7,0.3528650975397485
2025-04-11 15:42:24.562000+00:00,30,-0.06914717686488028,-0.46970483230895793,-0.5057045924751808,0.5462386849971097,0.4773297031657285,-0.38137123208088275,15,10.0,11,7,0.5755529111818358
2025-04-11 15:42:30.224000+00:00,1,-0.4598070567589651,-0.5068052130252519,-0.544929574859998,0.49660113410930956,0.24500108658063935,-0.5844329072534966,15,10.0,11,7,0.17066597728713154
2025-04-11 15:42:31.922000+00:00,81,-0.5138787354666642,-0.5103539450937671,0.2547095397217208,0.5462386849971097,0.6040544031212317,-0.38750718449403065,17,10.0,11,7,0.3933537909292189
2025-04-11 15:43:01.403000+00:00,22,-0.454047943050453,-0.4467993798667241,-0.5667785782059269,0.29805093055810894,0.13939716995105336,-0.5611834000630527,13,10.0,11,7,0.2718877107608076
2025-04-11 15:43:06.831000+00:00,6,-0.46247331310549883,-0.4643279655384808,-0.552671347699107,0.49660113410930956,0.4562089198398113,-0.5688533405794881,13,10.0,11,7,0.3528650975397485
2025-04-11 15:43:24.573000+00:00,10,-0.48977577809400125,-0.5646602994755893,-0.1423573872263444,0.3973260323337093,0.5829336197953144,-0.5115205352191374,16,10.0,11,7,0.10993293720292589
2025-04-11 15:43:46.263000+00:00,87,-0.47633784610747276,-0.4723932656941965,-0.5423489839136283,0.4469635832215094,0.30836343655839094,-0.5758042241725071,16,10.0,11,7,0.2516433640660724
2025-04-11 15:43:57.520000+00:00,7,-0.4565008988892637,-0.4979871515216689,-0.5473381264099428,0.3476884814459091,0.5618128364693973,-0.5796871315589524,16,10.0,11,7,0.2921320574555428
2025-04-11 15:44:00.034000+00:00,18,-0.4599137070128266,-0.4206678073622044,-0.535811486849492,0.47178235866540946,0.07603481997330179,-0.5435425368752527,16,10.0,11,7,0.2921320574555428
2025-04-11 15:44:01.975000+00:00,55,-0.47345828925321654,-0.34345600053814845,0.04963857918355189,0.3973260323337093,-0.6420718131078829,-0.3520816467337468,17,10.0,11,7,0.4338424843186893
2025-04-11 15:44:07.370000+00:00,30,-0.4549011450813436,-0.4712103550046919,-0.5108657743679196,0.47178235866540946,0.5406920531434801,-0.5568690585225586,16,10.0,11,7,0.3528650975397485
2025-04-11 15:44:40.327000+00:00,22,-0.45906050498193596,-0.39980556429275177,-0.5285858321996576,0.24841337967030877,0.07603481997330179,-0.5318458775876895,14,10.0,11,7,0.2516433640660724
2025-04-11 15:44:45.750000+00:00,6,-0.4552210958429276,-0.4733611017128824,-0.5488864809777646,0.5462386849971097,0.5618128364693973,-0.5685657178101218,14,10.0,11,7,0.3933537909292189
2025-04-11 15:44:52.490000+00:00,12,-0.47143193442985126,-0.47024251898600594,-0.5669506176023517,0.5214199095532096,0.4139673531879769,-0.5794953830460412,17,10.0,11,7,0.4135981376239541
2025-04-11 15:45:11.085000+00:00,63,-0.5073730699811224,-0.49648162882593566,-0.5870792269840346,0.5462386849971097,0.39284656986205974,-0.6129554985489888,15,10.0,11,7,0.4135981376239541
2025-04-11 15:45:15.921000+00:00,23,-0.5177181446056721,-0.5751989583457248,-0.6245838154046057,0.5710574604410098,0.4350881365138941,-0.6631456718034094,19,10.0,11,7,0.2921320574555428
2025-04-11 15:45:26.765000+00:00,4,-0.47345828925321654,-0.4666937869174907,-0.5538756234740791,0.5462386849971097,0.22388030325472216,-0.5751810415055465,18,10.0,11,7,0.4338424843186893
2025-04-11 15:45:34.136000+00:00,44,-0.5351021359850704,-0.5218604399825887,-0.5879394239661576,0.4469635832215094,0.39284656986205974,-0.6369719997910751,13,10.0,11,7,0.33262075084501325
2025-04-11 15:45:36.296000+00:00,7,-0.4795373537233131,-0.4554023666994885,-0.5156828774678098,0.4469635832215094,0.5829336197953144,-0.5622380168840628,17,10.0,11,7,0.6970189913502471
2025-04-11 15:45:46.462000+00:00,30,-0.4214129653688831,-0.45572497870571715,-0.5079411046287008,0.3973260323337093,0.4350881365138941,-0.5340989226143922,17,10.0,11,7,0.33262075084501325
2025-04-11 15:45:50.850000+00:00,1,-0.4670592740215363,-0.49185752340332517,-0.48437170731852525,0.5214199095532096,0.3717257865361425,-0.5641555020131718,17,10.0,11,7,0.21115467067660196
2025-04-11 15:45:52.500000+00:00,81,-0.4411432623332307,-0.48551282061416134,-0.5420049051207793,0.5462386849971097,0.5829336197953144,-0.5657374272446866,19,10.0,11,7,0.4540868310134245
2025-04-11 15:46:09.043000+00:00,16,-0.47591124509202726,-0.5319689495110863,0.3902765841043358,0.4469635832215094,0.5618128364693973,-0.34230247257529267,17,10.0,11,7,0.19091032398186675
2025-04-11 15:46:20.061000+00:00,22,-0.4583139532049064,-0.4035693710320856,-0.535811486849492,0.3476884814459091,0.3717257865361425,-0.5352014765636302,15,10.0,11,7,0.33262075084501325
2025-04-11 15:46:24.652000+00:00,6,-0.4397568090330335,-0.3457142845817491,-0.2270007702672666,0.5214199095532096,0.5829336197953144,-0.41502309609674076,15,10.0,11,7,0.37310944423448367
2025-04-11 15:46:29.494000+00:00,31,-0.4822036100698464,-0.4884163286702192,-0.5323706989209993,0.49660113410930956,0.4350881365138941,-0.5828030448937539,17,10.0,11,7,0.2921320574555428
2025-04-11 15:46:31.047000+00:00,12,-0.08173190682051851,-0.237746799830563,-0.5497466779598883,-0.8436127398612947,0.4139673531879769,-0.2958993324508614,18,10.0,11,7,0.49457552440289493
2025-04-11 15:46:49.025000+00:00,63,-0.4938284877407321,-0.48056610318532217,-0.5662624600166536,0.5710574604410098,0.30836343655839094,-0.5939723957708124,16,10.0,11,7,0.4338424843186893
2025-04-11 15:46:52.848000+00:00,23,-0.5068398187118155,-0.5412171603563073,-0.6051433636086216,0.5462386849971097,0.3717257865361425,-0.6376910567144909,20,10.0,11,7,0.37310944423448367
2025-04-11 15:47:05.497000+00:00,4,-0.4746314420456912,-0.45507975469325984,-0.5230805715140692,0.5710574604410098,0.3717257865361425,-0.5619503941146965,19,10.0,11,7,0.4540868310134245
2025-04-11 15:47:06.867000+00:00,10,-0.5093994248044877,-0.5055147650003373,-0.52497300487474,0.4221448077776093,0.5618128364693973,-0.6005877194662371,18,10.0,11,6,0.7375076847397175
2025-04-11 15:47:14.747000+00:00,5,-0.3524102511205966,-0.3855030986832816,-0.4798986830114847,0.4469635832215094,0.4984504864916457,-0.4639669040172409,16,10.0,11,7,0.2921320574555428
2025-04-11 15:47:15.322000+00:00,7,-0.48870927555538807,-0.46163953215324227,-0.5370157626244647,0.4221448077776093,0.6040544031212317,-0.5750851672490912,18,10.0,11,7,0.879218111602864
2025-04-11 15:47:26.109000+00:00,30,-0.43559744913244114,-0.4162587766104125,-0.5081131440251256,0.4469635832215094,0.5195712698175629,-0.5229295717373343,18,10.0,11,7,0.3933537909292189
2025-04-11 15:47:29.817000+00:00,1,-0.46972553036806963,-0.476587221775169,-0.5065647894573039,0.47178235866540946,0.39284656986205974,-0.5647307475519044,18,10.0,11,7,0.15042163059239633
2025-04-11 15:47:45.704000+00:00,55,-0.4606602587898557,-0.4675540856007674,-0.5578325295918457,0.47178235866540946,0.32948421988430815,-0.5709146370932796,19,10.0,11,7,0.3528650975397485
2025-04-11 15:47:52.674000+00:00,16,-0.4856164181934092,-0.514225289168511,-0.5779611389735285,0.5214199095532096,0.5195712698175629,-0.6085452827520388,18,10.0,11,7,0.2718877107608076
2025-04-11 15:47:59.560000+00:00,22,-0.46865902782945645,-0.41980750867892774,-0.526349320046137,0.3725072568898092,0.22388030325472216,-0.5444533423115796,16,10.0,11,7,0.3528650975397485
2025-04-11 15:48:03.392000+00:00,27,-0.4866829207320224,-0.46056415879914625,-0.5507789143384355,0.62069501132881,0.30836343655839094,-0.577529960788705,15,10.0,11,7,0.2516433640660724
2025-04-11 15:48:06.859000+00:00,6,-0.46577947097520017,-0.43454012363003586,-0.5210160987569734,0.5710574604410098,0.5195712698175629,-0.548240375441569,16,10.0,11,7,0.4338424843186893
2025-04-11 15:48:08.152000+00:00,31,0.8752408210772763,-0.48454498459547535,-0.5213601775498224,0.47178235866540946,0.4984504864916457,0.03213443601141341,18,10.0,11,7,-3.6150268546283533
2025-04-11 15:48:15.674000+00:00,12,-0.47879080194628354,-0.4469069172021341,-0.5571443720061475,0.47178235866540946,0.4350881365138941,-0.5696682717593591,19,10.0,11,7,0.4135981376239541
2025-04-11 15:48:25.606000+00:00,14,-0.7000900787085619,-0.4058276550756862,-0.3828684634279887,0.7447888885483104,0.05491403664738459,-0.6022655189542078,11,10.0,11,7,0.7982407248239232
2025-04-11 15:48:27.541000+00:00,63,-0.4731383384916325,-0.4713178923401012,-0.5609292387274893,0.5462386849971097,0.30836343655839094,-0.5790639488919918,17,10.0,11,7,0.5350642177923653
2025-04-11 15:48:44.533000+00:00,4,-0.4876427730167745,-0.40894623780256345,-0.5306503049567532,0.5958762358849099,0.4139673531879769,-0.5493429293908063,20,10.0,11,7,0.49457552440289493
2025-04-11 15:48:45.063000+00:00,10,-0.49606814307182034,-0.4313140035677493,0.17195859004146946,0.5214199095532096,0.4562089198398113,-0.36732565351016105,19,10.0,11,7,0.8387294182133935
2025-04-11 15:48:50.327000+00:00,44,-0.32830729374793405,-0.4207753446976137,-0.37839543912094814,0.3725072568898092,0.2872426532324737,-0.4405735854421145,15,10.0,11,7,0.4540868310134245
2025-04-11 15:48:53.964000+00:00,7,-0.4229060689229418,-0.45120841061851596,-0.5294460291817805,0.3476884814459091,0.6040544031212317,-0.5387488240524811,19,10.0,11,7,0.3528650975397485
2025-04-11 15:48:55.850000+00:00,5,-0.4286651826314543,-0.41217235786485,-0.4900490074005385,0.5462386849971097,0.5195712698175629,-0.5129586490659683,17,10.0,11,7,0.33262075084501325
2025-04-11 15:48:58.514000+00:00,18,-0.4448760212183776,-0.273879344528171,-0.4805868405971835,0.3725072568898092,-0.029569096656284193,-0.4559614036032119,19,10.0,11,7,0.4338424843186893
2025-04-11 15:49:05.967000+00:00,30,-0.4368772521787772,-0.43400243695298785,-0.5031240015288111,0.3973260323337093,0.5195712698175629,-0.5300242667150364,19,10.0,11,7,0.3528650975397485
2025-04-11 15:49:08.921000+00:00,1,-0.4378371044635293,-0.4841148352538374,-0.5215322169462473,0.5462386849971097,0.4773297031657285,-0.557923675343568,19,10.0,11,7,0.2718877107608076
2025-04-11 15:49:10.317000+00:00,81,-0.468872328337179,-0.45357423199752583,-0.05513341323905314,0.5710574604410098,0.6674167530989833,-0.4283016806158187,21,10.0,11,7,0.49457552440289493
2025-04-11 15:49:38.999000+00:00,22,-0.46183341158233077,-0.38969705476425415,-0.5167151138463577,0.29805093055810894,0.32948421988430815,-0.5252784910204922,17,10.0,11,7,0.3933537909292189
2025-04-11 15:49:42.136000+00:00,27,-0.45383464254273004,-0.40937638714420144,-0.5077690652322759,0.47178235866540946,0.2872426532324737,-0.5279629702012442,16,10.0,11,7,0.17066597728713154
2025-04-11 15:49:46.144000+00:00,6,-0.44050336081006264,-0.4373360943506837,-0.5106937349714953,0.49660113410930956,0.5618128364693973,-0.5352494136918574,17,10.0,11,7,0.3933537909292189
2025-04-11 15:49:59.549000+00:00,31,-0.4739915405225231,-0.4571229640660411,-0.5180914290177546,0.4469635832215094,0.5195712698175629,-0.5611834000630527,19,10.0,11,6,0.33262075084501325
2025-04-11 15:50:03.775000+00:00,14,-0.5439541070555618,-0.5593909700405214,-0.630261115486619,0.7696076639922105,0.32948421988430815,-0.6694733727294678,12,10.0,11,7,0.37310944423448367
2025-04-11 15:50:23.241000+00:00,87,-0.3778996617934571,-0.34044495514668127,-0.4924575589504834,0.3476884814459091,0.26612186990655656,-0.4588376312968751,20,10.0,11,7,0.2516433640660724
2025-04-11 15:50:23.793000+00:00,4,-0.5042802126191437,-0.46647871224667137,-0.5514670719241342,0.4221448077776093,0.39284656986205974,-0.5882678775117139,21,10.0,11,7,0.8387294182133935
2025-04-11 15:50:28.150000+00:00,10,-0.4684457273217335,-0.4795982671666362,-0.5093174198000977,0.4221448077776093,0.5829336197953144,-0.5662647356551912,20,10.0,11,7,0.3528650975397485
2025-04-11 15:50:31.844000+00:00,44,-0.4875361227629134,-0.4819640885456469,-0.5382200383994374,0.47178235866540946,0.4350881365138941,-0.5839535359712192,16,10.0,11,7,0.47433117770815975
2025-04-11 15:50:33.473000+00:00,7,-0.42034646283026955,-0.449272738581144,-0.5213601775498224,0.4469635832215094,0.6251751864471489,-0.5344824196402144,20,10.0,11,7,0.37310944423448367
2025-04-11 15:50:35.964000+00:00,5,-0.4267454780619501,-0.4114195965169827,-0.49194144076120944,0.5214199095532096,0.5829336197953144,-0.5122875292707805,18,10.0,11,7,0.312376404150278
2025-04-11 15:50:39.923000+00:00,18,-0.45959375625124255,-0.4341099742883979,-0.49985525299674266,0.5958762358849099,0.26612186990655656,-0.5393720067194411,20,10.0,11,7,0.4135981376239541
2025-04-11 15:50:45.656000+00:00,30,-0.43858365624055884,-0.4383039303693697,-0.49985525299674266,0.3476884814459091,0.4562089198398113,-0.5317979404594616,20,10.0,11,7,0.33262075084501325
2025-04-11 15:51:09.023000+00:00,16,-0.4386903064944199,-0.4892766273534959,-0.5471660870135185,0.3725072568898092,0.4773297031657285,-0.5677507866302501,20,10.0,11,7,0.33262075084501325
2025-04-11 15:51:25.672000+00:00,6,-0.4215196156227446,-0.43572303431954124,-0.5191236653963025,0.5214199095532096,0.646295969773066,-0.5283464672270665,18,10.0,11,7,0.33262075084501325
2025-04-11 15:51:38.531000+00:00,31,-0.46151346082074673,-0.47626460976894036,-0.5272095170282606,0.47178235866540946,0.5195712698175629,-0.5666482326810128,20,10.0,11,7,0.312376404150278
2025-04-11 15:51:40.719000+00:00,14,-0.5213442532369579,-0.581651198470298,-0.5917242906875,0.6951513376605102,0.4562089198398113,-0.6584957703653204,13,10.0,11,7,0.33262075084501325
2025-04-11 15:51:46.463000+00:00,23,-0.48337676286232106,-0.49884745020494553,-0.5578325295918457,0.49660113410930956,0.4984504864916457,-0.5950749497200497,23,10.0,11,7,0.4135981376239541
2025-04-11 15:52:02.360000+00:00,4,-0.46279326386708286,-0.43464766096544516,-0.49847893782534575,0.5462386849971097,0.4139673531879769,-0.5406663091815895,22,10.0,11,7,0.3933537909292189
2025-04-11 15:52:07.141000+00:00,10,-0.439330208017588,-0.4530365453204778,-0.5137904441071383,0.4469635832215094,0.6040544031212317,-0.5425837943106986,21,10.0,11,7,0.15042163059239633
2025-04-11 15:52:10.531000+00:00,44,-0.4411432623332307,-0.4415300504316563,-0.506392750060879,0.3973260323337093,0.4562089198398113,-0.5362081562564123,17,10.0,11,7,0.3528650975397485
2025-04-11 15:52:13.111000+00:00,7,-0.433997695324521,-0.4330346009343019,-0.5093174198000977,0.4221448077776093,0.6251751864471489,-0.5300242667150364,21,10.0,11,7,0.33262075084501325
2025-04-11 15:52:15.977000+00:00,5,-0.44562257299540714,-0.4424978864503422,-0.5014036075645645,0.47178235866540946,0.5618128364693973,-0.5372627730774217,19,10.0,11,7,0.47433117770815975
2025-04-11 15:52:25.282000+00:00,30,-0.4296250349162064,-0.4472295292083628,-0.46355494035114425,0.3973260323337093,0.6040544031212317,-0.5216352692751859,21,10.0,11,7,0.3528650975397485
2025-04-11 15:52:43.314000+00:00,55,-0.41693365470670674,-0.4263672861389102,-0.5265213594425618,0.32286970600200904,0.30836343655839094,-0.5241759370712548,22,10.0,11,7,0.3528650975397485
2025-04-11 15:52:47.958000+00:00,16,-0.47100533341440576,-0.4586284867617743,-0.5414887869315053,0.3973260323337093,0.4984504864916457,-0.5670317297068344,21,10.0,11,7,0.37310944423448367
2025-04-11 15:52:52.336000+00:00,81,-0.5421410527399191,-0.6114390403787429,-0.6693140584750114,0.5958762358849099,0.4773297031657285,-0.7027417397195043,23,10.0,11,7,0.33262075084501325
2025-04-11 15:52:58.589000+00:00,22,-0.4459425237569911,-0.4035693710320856,-0.5172312320356316,0.3725072568898092,0.32948421988430815,-0.5244635598406211,19,10.0,11,7,0.312376404150278
2025-04-11 15:53:01.436000+00:00,27,-0.45010188365758314,-0.4520687093017919,-0.4898769680041137,0.5214199095532096,0.5195712698175629,-0.5403307492839959,18,10.0,11,7,0.19091032398186675
2025-04-11 15:53:17.523000+00:00,31,-0.3874981846409772,-0.4576606507430883,-0.5022638045466875,0.4469635832215094,0.6885375364249005,-0.518135858914562,21,10.0,11,7,-0.07226618304969103
2025-04-11 15:53:17.662000+00:00,14,-0.5505664227949645,-0.5707899275939337,-0.6273364457473996,0.7447888885483104,0.24500108658063935,-0.6767118790918537,14,10.0,11,7,0.5553085644871006
2025-04-11 15:53:41.750000+00:00,4,-0.458527253712629,-0.46637117491126207,-0.5260052412532878,0.5958762358849099,0.4984504864916457,-0.5605602173960929,23,10.0,11,7,0.37310944423448367
2025-04-11 15:53:44.466000+00:00,87,-0.4382637054789748,-0.4034618336966763,-0.5129302471250152,0.4221448077776093,0.3506050032102253,-0.5197657212743048,22,10.0,11,7,0.33262075084501325
2025-04-11 15:53:46.637000+00:00,10,-0.4374105034480838,-0.4615319948178322,-0.5239407684961921,0.47178235866540946,0.6040544031212317,-0.548336249698025,22,10.0,11,7,0.2921320574555428
2025-04-11 15:53:50.006000+00:00,44,-0.46012700752054914,-0.4631450548489755,0.32472957406654857,0.4469635832215094,0.6251751864471489,-0.3227920613866109,18,10.0,11,7,0.312376404150278
2025-04-11 15:53:55.531000+00:00,5,-0.4379437547173908,-0.43314213826971193,-0.49194144076120944,0.49660113410930956,0.5406920531434801,-0.5270042276366901,20,10.0,11,7,0.4540868310134245
2025-04-11 15:53:59.005000+00:00,18,-0.42226616739977374,-0.40905377513797275,-0.4971026226539488,0.5462386849971097,0.4139673531879769,-0.5106576669110384,22,10.0,11,7,0.37310944423448367
2025-04-11 15:54:06.637000+00:00,1,-0.47783094966153145,-0.4522837839726112,1.0287147842361684,0.4469635832215094,0.5406920531434801,-0.12974924601359022,22,10.0,11,7,0.6767746446555118
2025-04-11 15:54:23.219000+00:00,55,-0.4424230653795668,-0.39475130952850335,-0.5091453804036735,0.4469635832215094,0.22388030325472216,-0.5166977450677305,23,10.0,11,7,0.3933537909292189
2025-04-11 15:54:26.887000+00:00,16,-0.4640730669134186,-0.4736837137191111,-0.5239407684961921,0.49660113410930956,0.646295969773066,-0.5657374272446866,22,10.0,11,7,0.3528650975397485
2025-04-11 15:54:28.578000+00:00,81,-0.5345688847157638,-0.5418623843687647,-0.5602410811417912,0.5462386849971097,0.5618128364693973,-0.63793074235563,24,10.0,11,7,0.47433117770815975
2025-04-11 15:54:38.452000+00:00,22,-0.4305848872009581,-0.4221733300579376,-0.5032960409252354,0.3476884814459091,0.4350881365138941,-0.5219708291727795,20,10.0,11,7,0.3933537909292189
2025-04-11 15:54:52.823000+00:00,12,-0.4262122267926436,-0.3175395027044474,-0.47749013146153985,0.5462386849971097,0.32948421988430815,-0.46617201191571556,23,10.0,11,7,0.3933537909292189
2025-04-11 15:54:54.317000+00:00,14,-0.5009740547494419,-0.5106765570999958,-0.6053154030050458,0.7199701131044103,0.3506050032102253,-0.6214883073735225,15,10.0,11,7,0.2718877107608076
2025-04-11 15:54:57.486000+00:00,31,-0.4570341501585703,-0.4517460972955632,-0.487812495247018,0.47178235866540946,0.4984504864916457,-0.5427276056953817,22,10.0,11,7,0.33262075084501325
2025-04-11 15:55:20.848000+00:00,4,-0.42887848313917687,-0.43991699040051296,-0.5189516259998777,0.5214199095532096,0.5406920531434801,-0.5334757399474322,24,10.0,11,7,0.3933537909292189
2025-04-11 15:55:25.996000+00:00,10,-0.4316513897395717,-0.4328195262634833,-0.46888816164030783,0.3973260323337093,0.6040544031212317,-0.5176085505040574,23,10.0,11,7,0.3933537909292189
2025-04-11 15:55:35.326000+00:00,5,-0.4406100110639241,-0.39303071216195,-0.05650972841045009,0.47178235866540946,0.5195712698175629,-0.38899323546908954,21,10.0,11,7,0.49457552440289493
2025-04-11 15:55:39.050000+00:00,18,-0.4344242963399665,-0.4119572831940307,-0.4659634919010891,0.5710574604410098,0.4562089198398113,-0.5087401817819295,23,10.0,11,7,0.4540868310134245
2025-04-11 15:55:45.007000+00:00,30,-0.4305848872009581,-0.4176567619707364,-0.4809309193900326,0.4221448077776093,0.5618128364693973,-0.513725643117612,23,10.0,11,7,0.33262075084501325
2025-04-11 15:55:54.657000+00:00,1,-0.4352774983708571,-0.43454012363003586,-0.4907371649862373,0.49660113410930956,0.6251751864471489,-0.5260934222003631,23,10.0,11,7,0.2718877107608076
2025-04-11 15:56:05.824000+00:00,16,-0.2946058135277514,-0.3899121294350735,0.001467548184652973,0.3725072568898092,0.5195712698175629,-0.3058223179939987,23,10.0,11,7,0.3933537909292189
2025-04-11 15:56:05.902000+00:00,81,-0.5232639578064617,-0.5425076083812219,-0.5483703627884907,0.5710574604410098,0.5406920531434801,-0.6298293676851451,25,10.0,11,7,0.777996378129188
2025-04-11 15:56:18.271000+00:00,22,-0.38344547499424664,-0.4117422085232113,-0.4738773041366223,0.4469635832215094,0.4562089198398113,-0.48793546813109995,21,10.0,11,7,0.4540868310134245
2025-04-11 15:56:32.028000+00:00,14,-0.5015073060187488,-0.5736934356499909,-0.6123690182584561,0.7447888885483104,0.39284656986205974,-0.6517845724134399,16,10.0,11,7,0.21115467067660196
2025-04-11 15:56:33.885000+00:00,12,-0.42887848313917687,-0.3357133123886615,-0.10691727156286898,0.47178235866540946,0.4139673531879769,-0.3722152405893885,24,10.0,11,7,0.49457552440289493
2025-04-11 15:56:36.937000+00:00,31,-0.4297316851700675,-0.41819444864778443,-0.48901677102199065,0.4469635832215094,0.4562089198398113,-0.5158348767596316,23,10.0,11,7,0.3528650975397485
2025-04-11 15:56:42.225000+00:00,23,-0.4592738054896585,-0.4494878132519634,-0.5077690652322759,0.5214199095532096,0.5406920531434801,-0.5482883125697969,26,10.0,11,7,0.4338424843186893
2025-04-11 15:56:50.784000+00:00,63,-0.45106173594233523,-0.3928156374911314,-0.05478933444620344,0.5462386849971097,0.5195712698175629,-0.3931158284966732,22,10.0,11,7,0.47433117770815975
2025-04-11 15:57:04.812000+00:00,87,-0.42450582273086196,-0.3713081704092215,-0.4967585438610991,0.3973260323337093,0.3506050032102253,-0.4947425403394357,24,10.0,11,7,0.312376404150278
2025-04-11 15:57:05.811000+00:00,10,-0.4378371044635293,-0.37958854523575647,-0.467339807072486,0.4469635832215094,0.6251751864471489,-0.49622859131449526,24,10.0,11,7,0.6565302979607767
2025-04-11 15:57:13.907000+00:00,7,-0.4079750333823543,-0.36829712501775425,-0.4881565740398676,0.4469635832215094,0.5618128364693973,-0.4835731894623772,24,10.0,11,7,0.312376404150278
2025-04-11 15:57:25.004000+00:00,30,-0.439650158779172,-0.4317441529093873,-0.49366183472545605,0.47178235866540946,0.5406920531434801,-0.5276274103036506,24,10.0,11,7,0.3528650975397485
2025-04-11 15:57:43.441000+00:00,55,-0.38013931712454524,0.8354758075567278,1.1830341228290686,0.49660113410930956,-1.4657823628186535,0.5312078779901861,25,10.0,11,7,0.4135981376239541
2025-04-11 15:57:43.594000+00:00,81,-0.5443807080710069,-0.5846622438617651,-0.6304331548830432,0.5462386849971097,0.5829336197953144,-0.6809782835041206,26,10.0,11,7,0.7577520314344527
2025-04-11 15:57:50.160000+00:00,16,-0.48828267453994256,-0.5001378982298602,-0.5478542445992167,0.5710574604410098,0.751899886402652,-0.5950749497200497,24,10.0,11,7,0.5148198710976302
2025-04-11 15:57:52.756000+00:00,44,-0.47868415169242207,-0.4721781910233779,-0.5260052412532878,0.47178235866540946,0.6251751864471489,-0.5722089395554281,20,10.0,11,7,0.4135981376239541
2025-04-11 15:58:00.347000+00:00,27,-0.43762380395580674,-0.39496638419932195,0.027273457648349084,0.5710574604410098,0.26612186990655656,-0.36516848273991365,21,10.0,11,7,0.23139901737133717
2025-04-11 15:58:09.233000+00:00,14,-0.507586370488845,-0.5808984371224306,-0.6226913820439348,0.7199701131044103,0.30836343655839094,-0.6606050040073406,17,10.0,11,7,0.23139901737133717
2025-04-11 15:58:16.932000+00:00,31,-0.45468784457362105,-0.4365833330028171,-0.5032960409252354,0.5214199095532096,0.6040544031212317,-0.539228195334758,24,10.0,11,7,0.33262075084501325
2025-04-11 15:58:46.238000+00:00,10,-0.4312247887241262,-0.40002063896357115,-0.46544737371181516,0.4221448077776093,0.6040544031212317,-0.5018372353171378,25,10.0,11,7,0.6970189913502471
2025-04-11 15:58:54.547000+00:00,7,-0.3914442440338466,-0.3779754852046132,-0.48832861343629186,0.49660113410930956,0.5618128364693973,-0.4805052132558036,25,10.0,11,7,0.2516433640660724
2025-04-11 15:58:59.687000+00:00,18,-0.42450582273086196,-0.33463793903456546,-0.4422220551944893,0.5214199095532096,0.11827638662513618,-0.4631999099655972,25,10.0,11,7,0.37310944423448367
2025-04-11 15:59:04.791000+00:00,30,-0.4187467090223498,-0.41894720999565105,-0.4723289495688005,0.5214199095532096,0.5195712698175629,-0.506583011011682,25,10.0,11,7,0.4135981376239541
2025-04-11 15:59:14.285000+00:00,1,-0.2930060597198313,-0.2151639593945578,-0.3687612329211682,-0.3224184555393931,0.5829336197953144,-0.3303661276465904,25,10.0,11,7,0.13017728389766112
2025-04-11 15:59:20.111000+00:00,81,-0.5155851395284454,-0.5740160476562195,-0.5378759596065877,0.5710574604410098,0.6885375364249005,-0.6374993082015805,27,10.0,11,7,0.4135981376239541
2025-04-11 15:59:28.514000+00:00,16,-0.46577947097520017,-0.47099528033387256,-0.546305890031395,0.47178235866540946,0.5829336197953144,-0.5715378197602402,25,10.0,11,7,0.33262075084501325
2025-04-11 15:59:31.613000+00:00,44,-0.4587405542203519,-0.41012914849206805,-0.4979628196360718,0.3476884814459091,0.5618128364693973,-0.5277712216883338,21,10.0,11,7,0.3933537909292189
2025-04-11 15:59:32.257000+00:00,5,-0.5008674044955808,-0.3848578746708243,-0.505016434889482,0.3973260323337093,0.4984504864916457,-0.5374065844621048,23,10.0,11,7,0.5553085644871006
2025-04-11 15:59:43.436000+00:00,27,-0.46002035726668766,-0.40937638714420144,-0.5198118229820007,0.5958762358849099,0.5829336197953144,-0.5340989226143922,22,10.0,11,7,0.33262075084501325
2025-04-11 15:59:45.297000+00:00,55,-0.4094681369364133,-0.3779754852046132,-0.4933177559326064,0.27323215511420884,0.4139673531879769,-0.48999676464489145,26,10.0,11,7,0.4540868310134245
2025-04-11 15:59:46.149000+00:00,14,-0.49937430094152213,-0.48992185136595323,-0.6269923669545505,0.7447888885483104,0.646295969773066,-0.6175574628588493,18,10.0,11,7,0.4540868310134245
2025-04-11 15:59:56.502000+00:00,31,-0.44370286842590295,-0.4314215409031586,-0.5060486712680299,0.47178235866540946,0.646295969773066,-0.5327566830240165,25,10.0,11,7,0.2921320574555428
2025-04-11 16:00:06.036000+00:00,6,0.3244989101373223,1.4324155564151289,1.6000576197623917,-1.8860013085050982,-1.4235407961668192,1.2302270818067704,23,10.0,11,7,-1.7120582653232432
2025-04-11 16:00:15.704000+00:00,12,0.7060935184531928,1.0224832338339318,2.524941414941248,-1.7619074312855976,-1.5502654961223223,1.4767197951536966,26,10.0,11,7,0.3933537909292189
2025-04-11 16:00:25.702000+00:00,87,-0.29769867088972984,0.8261200593760968,1.4441899266016696,-1.9356388593928981,-1.740352546055577,0.6368613086040764,26,10.0,11,7,0.595797257876571
2025-04-11 16:00:26.594000+00:00,10,0.4408543371000425,1.2012102852846005,1.2563229057059648,-1.7619074312855976,-1.296816096211316,1.083683280814637,26,10.0,11,7,-0.8213070107548939
2025-04-11 16:00:35.315000+00:00,7,0.698308049921315,0.30811271470830337,1.5487898796278505,-1.0173441679685953,-1.0222459129743924,0.8827787764122705,26,10.0,11,7,-1.9145017322705955
2025-04-11 16:00:40.950000+00:00,18,0.5118834061716947,1.3917664436303196,1.9572114067399409,-1.6874511049538974,-1.7192317627296598,1.395849859833537,26,10.0,11,7,-0.39617573016545443
2025-04-11 16:00:41.342000+00:00,4,-0.010489537241144131,0.14777454761266717,1.0218332083791828,-0.3968747818710933,-1.4235407961668192,0.34588294026182814,27,10.0,11,7,-1.4286374115969502
2025-04-11 16:00:44.994000+00:00,30,0.5867518843823545,1.3566017349513977,3.0407155254223133,-1.6129947786221972,-1.6981109794037426,1.7157343164970995,26,10.0,11,7,-0.3354426900812488
2025-04-11 16:00:56.260000+00:00,63,0.40821935941847304,1.6123255185553031,4.224862691013099,-1.563357227734397,-1.951560379314749,2.079433308360796,24,10.0,11,7,-1.6108365318495672
2025-04-11 16:01:07.372000+00:00,16,1.1952982329151551,1.2243308123976537,2.6766801625877785,-1.8860013085050982,-1.2334537462335644,1.8288659391145135,26,10.0,11,7,-1.5905921851548321
2025-04-11 16:01:11.370000+00:00,44,1.045667926747696,1.4218768975449934,3.6301224975731246,-2.134189062944099,-1.4657823628186535,2.1153382174033566,22,10.0,11,7,-2.501587786417917
2025-04-11 16:01:11.812000+00:00,5,0.5030314351012037,0.38930340294251253,1.9112768878945632,-1.3896257996270964,0.5195712698175629,0.932201955615048,24,10.0,11,7,-1.6513252252390376
2025-04-11 16:01:20.058000+00:00,22,0.45749177670241203,0.7810619158394965,2.718485735918966,0.3973260323337093,-1.4869031461445708,1.3112887656398418,24,10.0,11,6,-0.5176418103338657
2025-04-11 16:01:23.065000+00:00,27,0.14223362628829356,0.46038558164822396,2.2409043714441697,-1.0173441679685953,-1.296816096211316,0.8935646302635067,23,10.0,11,7,-0.27470964999704317
2025-04-11 16:01:24.170000+00:00,14,-0.21109866475432285,-0.27732053926127614,-0.017628824818481992,-0.22314335376379274,0.30836343655839094,-0.22341839457055168,19,10.0,11,7,-1.1249722111759222
2025-04-11 16:01:25.751000+00:00,55,0.1027730323595984,1.0618418985938263,3.532920238593203,-1.5137196768465968,-1.5925070627741567,1.503948083987041,27,10.0,11,7,-1.205949597954863
2025-04-11 16:01:36.058000+00:00,31,-0.21472477338560825,1.0722730201285526,3.1623473786945326,-1.1662568206319959,-1.2334537462335644,1.2626325804887086,26,10.0,11,7,0.4540868310134245
2025-04-11 16:01:52.347000+00:00,23,3.0198707759749426,-0.45131594795392527,-0.0611547921139155,0.47178235866540946,0.4773297031657285,1.139146538174106,29,10.0,11,7,-0.6998409305864827
2025-04-11 16:02:22.482000+00:00,6,3.0013136318030695,-0.5620794034257599,0.3243854952736995,0.5710574604410098,0.5618128364693973,1.1888573401462499,24,10.0,11,7,-0.639107890502277
2025-04-11 16:02:29.808000+00:00,87,2.3961800913938323,-0.4263672861389102,-0.02967158256820611,0.49660113410930956,0.6040544031212317,0.878704120512914,27,10.0,11,7,-0.6188635438075418
2025-04-11 16:02:39.360000+00:00,4,2.7152776509469585,0.420274155540462,0.46442556396335505,-0.9677066170807951,-0.3886224131968765,1.5372164509770767,28,10.0,11,7,-0.740329623975953
2025-04-11 16:02:39.930000+00:00,10,3.8400112281686396,-0.4317441529093873,0.029165891009019975,0.5958762358849099,0.5195712698175629,1.5416746039022553,27,10.0,11,7,-0.537886157028601
2025-04-11 16:02:44.448000+00:00,7,3.0301092003456316,-0.3576509288122086,0.10503526483228529,0.47178235866540946,0.4350881365138941,1.2318090070382859,27,10.0,11,7,-0.537886157028601
2025-04-11 16:03:00.793000+00:00,18,3.3824816391034958,0.513186413334312,0.7548280651281444,-0.7691564135295945,-1.7192317627296598,1.959446676406817,27,10.0,11,7,-1.6310808785443025
2025-04-11 16:03:01.477000+00:00,1,3.5446966752265925,-0.021059068980323434,0.18916252968393354,0.17395705333860853,0.3506050032102253,1.6365901177931366,27,10.0,11,7,-1.5501034917653616
2025-04-11 16:03:11.432000+00:00,30,3.2348776877594028,0.4332861731250176,0.4236522270107155,-1.0173441679685953,-0.6843133797597173,1.7652054328281037,27,10.0,11,7,-0.8617957041443643
2025-04-11 16:03:21.864000+00:00,5,3.330649615726885,-0.16644954645403215,0.08318626148635641,0.27323215511420884,0.03379325332146739,1.4460400330879577,25,10.0,11,7,-1.7930356521021842
2025-04-11 16:03:30.544000+00:00,63,3.1442249719772635,-0.3784056345462519,0.10968032853575069,0.6455137867727101,-0.26189771324137334,1.2751441709561429,25,10.0,11,7,-0.23422095660757272
2025-04-11 16:03:32.525000+00:00,27,3.24906217152296,0.5391029111680131,0.8470411816117507,0.17395705333860853,-0.8321588630411376,1.936724477626879,24,10.0,11,7,-0.6188635438075418
2025-04-11 16:03:36.252000+00:00,16,3.791911963677176,-0.1682776811559948,0.2590105246323365,0.14913827789470846,0.39284656986205974,1.701544926541694,27,10.0,11,7,-0.4973974636391305
2025-04-11 16:03:46.232000+00:00,44,3.8593149241175415,-0.19053790958577135,0.6645073820052094,-0.2479621292076928,0.26612186990655656,1.8349060172712062,23,10.0,11,7,-0.5581305037233362
2025-04-11 16:03:47.949000+00:00,55,3.80897600429499,0.010019220953036137,0.4883390400663797,-0.3720560064271932,-0.4519847631746281,1.8525948175872342,28,10.0,11,7,-0.37593138347071925
2025-04-11 16:03:53.163000+00:00,31,3.8082294525179603,0.8411752863334335,0.34158943491616295,0.49660113410930956,-0.26189771324137334,2.1818749513834295,27,10.0,11,7,-0.29495399669177835
