date_start,driver_number,duration_sector_1,duration_sector_2,duration_sector_3,i1_speed,i2_speed,is_pit_out_lap,lap_duration,lap_number,meeting_key,segments_sector_1,segments_sector_2,segments_sector_3,session_key,st_speed
,87,,49.754,27.076,179,213,True,,1,1257,"[2064, 2064, 2064, 2051, 2051, 2051, 2051, 2051, 2051, 2051]","[2051, 2051, 2051, 2051, 2051, 2051, 2051, 2051, 2051, 2051, 2051]","[2051, 2051, 2051, 2051, 2051, 2051, 2051]",10009,147
2025-04-12 12:32:48.514000+00:00,87,31.248,42.448,24.129,234,260,False,97.825,2,1257,"[2051, 2051, 2051, 2051, 2051, 2051, 2051, 2051, 2051, 2051]","[2051, 2051, 2051, 2051, 2051, 2051, 2051, 2051, 2051, 2051, 2051]","[2051, 2051, 2051, 2051, 2051, 2048]",10009,310
2025-04-12 12:33:04.032000+00:00,31,,61.6,31.054,134,147,True,,1,1257,"[2064, 2064, 2064, 2049, 2049, 2049, 2049, 2049, 2049, 2049]","[2049, 2049, 2049, 2049, 2049, 2049, 2049, 2049, 2049, 2049, 2049]","[2049, 2049, 2049, 2049, 2049, 2049, 2049]",10009,135
2025-04-12 12:33:48.638000+00:00,44,,56.194,25.592,153,195,True,,1,1257,"[2064, 2064, 2064, 2049, 2049, 2049, 2049, 2049, 2049, 2049]","[2049, 2049, 2049, 2049, 2049, 2049, 2049, 2049, 2049, 2049, 2049]","[2049, 2049, 2049, 2049, 2049, 2051, 2051]",10009,134
2025-04-12 12:34:26.196000+00:00,87,61.095,81.875,45.248,103,120,False,188.218,3,1257,"[2048, 2048, 2048, 2048, 2048, 2048, 2048, 2048, 2048, 2048]","[2048, 2048, 2048, 2048, 2048, 2048, 2048, 2048, 2048, 2048, 2048]","[2048, 2048, 2048, 2048, 2048, 2048, 2064]",10009,150
2025-04-12 12:35:17.228000+00:00,31,30.684,41.749,23.976,235,266,False,96.409,2,1257,"[2049, 2049, 2049, 2049, 2049, 2049, 2049, 2049, 2049, 2051]","[2049, 2049, 2049, 2049, 2049, 2049, 2049, 2049, 2051, 2051, 2051]","[2051, 2049, 2049, 2051, 2051, 2049, 2049]",10009,310
2025-04-12 12:35:52.378000+00:00,44,30.049,45.394,37.66,237,164,False,113.103,2,1257,"[2051, 2051, 2051, 2051, 2051, 2051, 2051, 2051, 2051, 2049]","[2051, 2049, 2051, 2051, 2051, 2051, 2051, 2051, 2049, 2048, 2048]","[2048, 2048, 2048, 2048, 2048, 2048, 2064]",10009,316
2025-04-12 12:36:53.567000+00:00,31,52.086,72.149,42.893,123,120,False,167.128,3,1257,"[None, 2048, 2048, 2048, 2048, 2048, 2048, 2048, 2048, 2048]","[2048, 2048, 2048, 2048, 2048, 2048, 2048, 2048, 2048, 2048, 2048]","[2048, 2048, 2048, 2048, 2048, 2048, 2064]",10009,142
2025-04-12 12:38:14.455000+00:00,87,88.261,60.934,26.376,116,195,True,175.571,4,1257,"[2064, 2064, 2064, 2048, 2048, 2048, 2048, 2048, 2048, 2048]","[2048, 2048, 2048, 2048, 2048, 2048, 2048, 2048, 2048, 2048, 2048]","[2048, 2048, 2048, 2048, 2048, 2049, 2049]",10009,116
2025-04-12 12:38:16.977000+00:00,44,91.35,66.487,30.313,119,135,True,188.15,3,1257,"[2064, 2064, 2064, 2048, 2048, 2048, 2048, 2048, 2048, 2048]","[2048, 2048, 2048, 2048, 2048, 2048, 2048, 2048, 2048, 2048, 2048]","[2048, 2048, 2048, 2048, 2048, 2048, 2048]",10009,206
2025-04-12 12:39:44.634000+00:00,16,,66.223,29.296,146,163,True,,1,1257,"[2064, 2064, 2064, 2049, 2049, 2049, 2049, 2049, 2049, 2049]","[2049, 2049, 2049, 2049, 2049, 2049, 2049, 2049, 2049, 2049, 2049]","[2049, 2049, 2049, 2049, 2049, 2049, 2049]",10009,152
2025-04-12 12:40:12.979000+00:00,31,93.646,67.604,30.682,122,147,True,191.932,4,1257,"[2064, 2064, 2064, 2048, 2048, 2048, 2048, 2048, 2048, 2048]","[2048, 2048, 2048, 2048, 2048, 2048, 2048, 2048, 2048, 2048, 2048]","[2048, 2048, 2048, 2048, 2048, 2048, 2049]",10009,156
2025-04-12 12:40:30.145000+00:00,87,30.747,42.467,23.993,235,263,False,97.207,5,1257,"[2049, 2049, 2049, 2049, 2049, 2049, 2049, 2049, 2049, 2049]","[2049, 2049, 2048, 2049, 2049, 2049, 2049, 2049, 2049, 2049, 2049]","[2049, 2051, 2051, 2051, 2048, 2048]",10009,314
2025-04-12 12:40:53.662000+00:00,44,30.09,41.202,23.554,237,268,False,94.846,4,1257,"[2048, 2048, 2049, 2048, 2048, 2048, 2051, 2051, 2051, 2049]","[2048, 2051, 2048, 2051, 2048, 2048, 2048, 2048, 2049, 2051, 2051]","[2051, 2049, 2051, 2051, 2051, 2048, 2048]",10009,316
2025-04-12 12:41:09.461000+00:00,7,,49.557,26.965,183,232,True,,1,1257,"[2064, 2064, 2064, 2049, 2049, 2049, 2049, 2049, 2049, 2049]","[2049, 2049, 2049, 2049, 2049, 2049, 2049, 2049, 2049, 2049, 2049]","[2049, 2049, 2049, 2049, 2049, 2049, 2049]",10009,115
2025-04-12 12:41:48.054000+00:00,10,,54.043,26.392,175,182,True,,1,1257,"[2064, 2064, 2064, 2049, 2049, 2049, 2049, 2049, 2049, 2049]","[2049, 2049, 2049, 2049, 2049, 2049, 2049, 2049, 2049, 2049, 2049]","[2049, 2049, 2049, 2049, 2049, 2049, 2049]",10009,129
2025-04-12 12:42:01.185000+00:00,16,30.129,41.211,23.563,238,265,False,94.903,2,1257,"[2049, 2049, 2051, 2051, 2051, 2049, 2049, 2049, 2049, 2051]","[2051, 2051, 2049, 2049, 2049, 2049, 2049, 2049, 2049, 2049, 2049]","[2049, 2049, 2051, 2051, 2051, 2048]",10009,317
2025-04-12 12:42:07.275000+00:00,87,43.675,68.594,46.881,136,123,False,159.15,6,1257,"[None, 2048, 2048, 2048, 2048, 2048, 2048, 2048, 2048, 2048]","[2048, 2048, 2048, 2048, 2048, 2048, 2048, 2048, 2048, 2048, 2048]","[2048, 2048, 2048, 2048, 2048, 2048, 2064]",10009,250
2025-04-12 12:42:28.436000+00:00,44,46.608,58.414,34.726,150,162,False,139.748,5,1257,"[None, 2048, 2048, 2048, 2048, 2048, 2048, 2048, 2048, 2048]","[2048, 2048, 2048, 2048, 2048, 2048, 2048, 2048, 2048, 2048, 2048]","[2048, 2048, 2048, 2048, 2048, 2048, 2064]",10009,143
2025-04-12 12:42:52.633000+00:00,31,30.547,41.774,23.789,235,269,False,96.11,5,1257,"[2049, 2049, 2049, 2048, 2048, 2049, 2049, 2049, 2049, 2048]","[2048, 2048, 2049, 2049, 2048, 2049, 2049, 2049, 2048, 2049, 2049]","[2049, 2051, 2049, 2049, 2048, 2049, 2049]",10009,315
2025-04-12 12:43:10.733000+00:00,7,30.399,41.279,23.896,233,266,False,95.574,2,1257,"[2049, 2049, 2049, 2049, 2049, 2051, 2049, 2049, 2049, 2049]","[2049, 2049, 2049, 2049, 2049, 2049, 2049, 2049, 2051, 2049, 2049]","[2049, 2049, 2049, 2049, 2049, 2048, 2048]",10009,315
2025-04-12 12:43:35.980000+00:00,16,47.081,60.345,35.215,160,158,False,142.641,3,1257,"[2048, 2048, 2048, 2048, 2048, 2048, 2048, 2048, 2048, 2048]","[2048, 2048, 2048, 2048, 2048, 2048, 2048, 2048, 2048, 2048, 2048]","[2048, 2048, 2048, 2048, 2048, 2048, 2064]",10009,142
2025-04-12 12:43:41.830000+00:00,5,,55.951,27.455,203,146,True,,1,1257,"[2064, 2064, 2064, 2049, 2049, 2049, 2049, 2049, 2049, 2049]","[2049, 2049, 2049, 2049, 2049, 2049, 2049, 2049, 2049, 2049, 2049]","[2049, 2049, 2049, 2049, 2049, 2049, 2049]",10009,91
2025-04-12 12:43:48.526000+00:00,10,30.236,41.182,23.688,236,263,False,95.106,2,1257,"[2049, 2049, 2051, 2049, 2049, 2049, 2049, 2049, 2049, 2049]","[2049, 2049, 2051, 2049, 2049, 2051, 2049, 2049, 2049, 2049, 2049]","[2051, 2049, 2049, 2049, 2049, 2048]",10009,317
2025-04-12 12:44:28.719000+00:00,31,35.593,52.488,32.728,185,183,False,120.809,6,1257,"[2048, 2048, 2048, 2048, 2048, 2048, 2048, 2048, 2048, 2048]","[2048, 2048, 2048, 2048, 2048, 2048, 2048, 2048, 2048, 2048, 2048]","[2048, 2048, 2048, 2048, 2048, 2048, 2064]",10009,233
2025-04-12 12:44:46.212000+00:00,7,47.318,65.525,39.159,135,132,False,152.002,3,1257,"[2048, 2048, 2048, 2048, 2048, 2048, 2048, 2048, 2048, 2048]","[2048, 2048, 2048, 2048, 2048, 2048, 2048, 2048, 2048, 2048, 2048]","[2048, 2048, 2048, 2048, 2048, 2048, 2064]",10009,205
2025-04-12 12:44:47.599000+00:00,22,,60.614,28.687,136,187,True,,1,1257,"[2064, 2064, 2064, 2049, 2049, 2049, 2049, 2049, 2049, 2049]","[2049, 2049, 2049, 2049, 2049, 2049, 2049, 2049, 2049, 2049, 2049]","[2049, 2049, 2049, 2049, 2049, 2049, 2049]",10009,102
2025-04-12 12:45:23.583000+00:00,10,48.238,73.25,42.783,112,125,False,164.271,3,1257,"[2048, 2048, 2048, 2048, 2048, 2048, 2048, 2048, 2048, 2048]","[2048, 2048, 2048, 2048, 2048, 2048, 2048, 2048, 2048, 2048, 2048]","[2048, 2048, 2048, 2048, 2048, 2048, 2064]",10009,229
2025-04-12 12:45:49.209000+00:00,5,29.772,44.885,23.921,239,238,False,98.578,2,1257,"[2049, 2051, 2051, 2049, 2049, 2051, 2051, 2051, 2049, 2051]","[2049, 2049, 2049, 2049, 2049, 2051, 2051, 2051, None, None, 2049]","[2049, 2049, 2049, 2049, 2049, 2048, 2049]",10009,319
2025-04-12 12:45:51.789000+00:00,4,,58.527,32.434,144,178,True,,1,1257,"[2064, 2064, 2064, 2049, 2049, 2049, 2049, 2049, 2049, 2049]","[2049, 2049, 2049, 2049, 2049, 2049, 2049, 2049, 2049, 2049, 2049]","[2049, 2049, 2049, 2049, 2049, 2049, 2049]",10009,206
2025-04-12 12:46:14.860000+00:00,27,,57.485,29.64,196,169,True,,1,1257,"[2064, 2064, 2064, 2049, 2049, 2049, 2049, 2049, 2049, 2049]","[2049, 2049, 2049, 2049, 2049, 2049, 2049, 2049, 2049, 2049, 2049]","[2049, 2049, 2049, 2049, 2049, 2049, 2049]",10009,150
2025-04-12 12:46:56.149000+00:00,1,,53.171,25.535,148,200,True,,1,1257,"[2064, 2064, 2064, 2049, 2049, 2049, 2049, 2049, 2049, 2049]","[2049, 2049, 2049, 2049, 2049, 2049, 2049, 2049, 2049, 2049, 2049]","[2049, 2049, 2049, 2049, 2049, 2049, 2049]",10009,183
2025-04-12 12:47:00.994000+00:00,22,30.455,41.555,23.774,234,269,False,95.784,2,1257,"[2049, 2049, 2049, 2049, 2049, 2049, 2049, 2049, 2049, 2049]","[2049, 2049, 2049, 2049, 2049, 2049, 2049, 2049, 2049, 2049, 2051]","[2051, 2049, 2049, 2049, 2049, 2048]",10009,314
2025-04-12 12:47:27.664000+00:00,5,42.887,57.629,36.401,152,167,False,136.917,3,1257,"[2048, 2048, 2048, 2048, 2048, 2048, 2048, 2048, 2048, 2048]","[2048, 2048, 2048, 2048, 2048, 2048, 2048, 2048, 2049, 2048, 2048]","[2048, 2048, 2048, 2048, 2048, 2048, 2064]",10009,158
2025-04-12 12:47:45.777000+00:00,7,72.183,63.149,27.954,164,212,True,163.286,4,1257,"[2064, 2064, 2064, 2048, 2048, 2048, 2048, 2048, 2048, 2048]","[2048, 2048, 2048, 2048, 2048, 2048, 2048, 2048, 2048, 2048, 2048]","[2048, 2048, 2048, 2048, 2048, 2049, 2049]",10009,107
2025-04-12 12:48:12.356000+00:00,4,29.962,40.554,23.28,238,268,False,93.796,2,1257,"[2049, 2049, 2049, 2049, 2049, 2049, 2049, 2049, 2049, 2049]","[2049, 2051, 2051, 2049, 2051, 2049, 2049, 2049, 2051, 2049, 2049]","[2051, 2049, 2049, 2049, 2051, 2049, 2049]",10009,309
2025-04-12 12:48:19.936000+00:00,27,30.126,41.033,23.718,240,268,False,94.877,2,1257,"[2049, 2049, 2049, 2049, 2049, 2049, 2049, 2049, 2049, 2051]","[2049, 2049, 2049, 2049, 2049, 2049, 2049, 2049, 2049, 2049, 2049]","[2049, 2049, 2049, 2049, 2049, 2049, 2049]",10009,317
2025-04-12 12:48:29.120000+00:00,18,,64.446,28.723,157,122,True,,1,1257,"[2064, 2064, 2064, 2049, 2049, 2049, 2049, 2049, 2049, 2049]","[2049, 2049, 2049, 2049, 2049, 2049, 2049, 2049, 2049, 2049, 2049]","[2049, 2049, 2049, 2049, 2049, 2049, 2049]",10009,164
2025-04-12 12:48:35.688000+00:00,14,,61.938,29.172,145,159,True,,1,1257,"[2064, 2064, 2064, 2049, 2049, 2049, 2049, 2049, 2049, 2049]","[2049, 2049, 2049, 2049, 2049, 2049, 2049, 2049, 2049, 2049, 2049]","[2049, 2049, 2049, 2049, 2049, 2049]",10009,137
2025-04-12 12:48:36.652000+00:00,22,54.217,75.534,43.149,103,122,False,172.9,3,1257,"[2048, 2048, 2048, 2048, 2048, 2048, 2048, 2048, 2048, 2048]","[2048, 2048, 2048, 2048, 2048, 2048, 2048, 2048, 2048, 2048, 2048]","[2048, 2048, 2048, 2048, 2048, 2048, 2064]",10009,176
2025-04-12 12:48:43.362000+00:00,10,81.639,61.479,27.871,137,155,True,170.989,4,1257,"[2064, 2064, 2064, 2048, 2048, 2048, 2048, 2048, 2048, 2048]","[2048, 2048, 2048, 2048, 2048, 2048, 2048, 2048, 2048, 2048, 2048]","[2048, 2048, 2048, 2048, 2048, 2049, 2049]",10009,110
2025-04-12 12:48:53.330000+00:00,1,29.692,48.67,31.884,237,186,False,110.246,2,1257,"[2049, 2049, 2049, 2049, 2051, 2049, 2049, 2049, 2051, 2049]","[2051, 2049, 2049, 2049, 2049, 2049, 2049, 2049, 2049, 2048, 2048]","[2048, 2049, 2049, 2048, 2048, 2048, 2064]",10009,315
2025-04-12 12:49:17.544000+00:00,81,,62.169,34.26,155,81,True,,1,1257,"[2064, 2064, 2064, 2049, 2049, 2049, 2049, 2049, 2049, 2049]","[2049, 2049, 2049, 2049, 2049, 2049, 2049, 2049, 2049, 2049, 2049]","[2049, 2049, 2049, 2049, 2049, 2049, 2049]",10009,206
2025-04-12 12:49:46.032000+00:00,4,47.454,65.029,37.552,134,143,False,150.035,3,1257,"[2048, 2048, 2048, 2048, 2048, 2048, 2048, 2048, 2048, 2048]","[2048, 2048, 2048, 2048, 2048, 2048, 2048, 2048, 2048, 2048, 2048]","[2048, 2048, 2048, 2048, 2048, 2048, 2064]",10009,148
2025-04-12 12:49:54.798000+00:00,27,42.334,59.129,37.012,141,158,False,138.475,3,1257,"[2048, 2048, 2048, 2048, 2048, 2048, 2048, 2048, 2048, 2048]","[2048, 2048, 2048, 2048, 2048, 2048, 2048, 2048, 2048, 2048, 2048]","[2048, 2048, 2048, 2048, 2048, 2048, 2064]",10009,197
2025-04-12 12:50:01.567000+00:00,7,30.352,41.332,23.763,237,267,False,95.447,5,1257,"[2049, 2049, 2049, 2049, 2049, 2048, 2049, 2049, 2048, 2049]","[2049, 2049, 2048, 2048, 2048, 2048, 2048, 2049, 2051, 2051, 2049]","[2048, 2049, 2049, 2049, 2049, 2048, 2048]",10009,316
2025-04-12 12:50:38.629000+00:00,18,30.141,40.871,24.501,240,270,False,95.513,2,1257,"[2049, 2049, 2049, 2049, 2049, 2049, 2049, 2049, 2049, 2049]","[2049, 2049, 2049, 2049, 2049, 2051, 2049, 2049, 2049, 2051, 2051]","[2049, 2051, 2051, 2049, 2049, 2048, 2048]",10009,316
2025-04-12 12:50:40.632000+00:00,16,,59.541,27.287,138,189,True,423.378,4,1257,"[2064, 2064, 2064, 2048, 2048, 2048, 2048, 2048, 2048, 2048]","[2048, 2048, 2048, 2048, 2048, 2048, 2048, 2048, 2048, 2048, 2048]","[2048, 2048, 2048, 2048, 2048, 2049, 2048]",10009,90
2025-04-12 12:50:47.499000+00:00,14,29.695,40.721,23.821,240,267,False,94.237,2,1257,"[2049, 2049, 2049, 2049, 2049, 2049, 2049, 2049, 2049, 2051]","[2049, 2049, 2049, 2049, 2049, 2049, 2049, 2049, 2049, 2049, 2049]","[2049, 2049, 2049, 2049, 2049, 2048]",10009,316
2025-04-12 12:50:58.913000+00:00,10,30.168,40.871,23.689,238,268,False,94.728,5,1257,"[2049, 2049, 2049, 2048, 2048, 2049, 2049, 2049, 2048, 2049]","[2049, 2049, 2048, 2049, 2049, 2048, 2048, 2048, 2051, 2049, 2049]","[2048, 2049, 2049, 2048, 2049, 2048]",10009,318
2025-04-12 12:51:04.885000+00:00,87,,44.907,25.106,224,237,True,496.571,7,1257,"[2064, 2064, 2064, 2048, 2048, 2048, 2048, 2048, 2048, 2048]","[2048, 2048, 2048, 2048, 2048, 2048, 2048, 2048, 2048, 2048, 2048]","[2048, 2048, 2048, 2048, 2048, 2048, 2048]",10009,201
2025-04-12 12:51:06.211000+00:00,55,,48.469,26.209,200,215,True,,1,1257,"[2064, 2064, 2064, 2049, 2049, 2049, 2049, 2049, 2049, 2049]","[2049, 2049, 2049, 2049, 2049, 2049, 2049, 2049, 2049, 2049, 2049]","[2049, 2049, 2049, 2049, 2049, 2049, 2049]",10009,186
2025-04-12 12:51:14.536000+00:00,23,,49.453,29.326,207,232,True,,1,1257,"[2064, 2064, 2064, 2049, 2049, 2049, 2049, 2049, 2049, 2049]","[2049, 2049, 2049, 2049, 2049, 2049, 2049, 2049, 2049, 2049, 2049]","[2049, 2049, 2049, 2049, 2049, 2049, 2049]",10009,132
2025-04-12 12:51:37.005000+00:00,7,45.309,65.608,39.163,135,131,False,150.08,6,1257,"[2048, 2048, 2048, 2048, 2048, 2048, 2048, 2048, 2048, 2048]","[2048, 2048, 2048, 2048, 2048, 2048, 2048, 2048, 2048, 2048, 2048]","[2048, 2048, 2048, 2048, 2048, 2048, 2064]",10009,229
2025-04-12 12:51:45.350000+00:00,81,29.769,40.182,23.373,239,269,False,93.324,2,1257,"[2049, 2049, 2049, 2049, 2049, 2051, 2049, 2049, 2049, 2049]","[2049, 2051, 2051, 2049, 2049, 2049, 2049, 2049, 2051, 2049, 2049]","[2051, 2049, 2049, 2049, 2049, 2049, 2049]",10009,309
2025-04-12 12:51:57.923000+00:00,22,75.363,62.018,25.444,115,219,True,162.825,4,1257,"[2064, 2064, 2064, 2048, 2048, 2048, 2048, 2048, 2048, 2048]","[2048, 2048, 2048, 2048, 2048, 2048, 2048, 2048, 2048, 2048, 2048]","[2048, 2048, 2048, 2048, 2048, 2049, 2049]",10009,96
2025-04-12 12:52:14.120000+00:00,18,50.463,64.775,37.777,112,144,False,153.015,3,1257,"[2048, 2048, 2048, 2048, 2048, 2048, 2048, 2048, 2048, 2048]","[2048, 2048, 2048, 2048, 2048, 2048, 2048, 2048, 2048, 2048, 2048]","[2048, 2048, 2048, 2048, 2048, 2048, 2064]",10009,137
2025-04-12 12:52:21.035000+00:00,14,52.262,73.102,34.294,140,146,False,159.658,3,1257,"[2048, 2048, 2048, 2048, 2048, 2048, 2048, 2048, 2048, 2048]","[2048, 2048, 2048, 2048, 2048, 2048, 2048, 2048, 2048, 2048, 2048]","[2048, 2048, 2048, 2048, 2048, 2048, 2048]",10009,155
2025-04-12 12:52:32.173000+00:00,27,80.907,69.071,35.292,82,141,True,185.27,4,1257,"[2064, 2064, 2064, 2048, 2048, 2048, 2048, 2048, 2048, 2048]","[2048, 2048, 2048, 2048, 2048, 2048, 2048, 2048, 2048, 2048, 2048]","[2048, 2048, 2048, 2048, 2048, 2048, 2048]",10009,149
2025-04-12 12:52:33.436000+00:00,10,46.75,71.419,41.32,138,136,False,159.489,6,1257,"[2048, 2048, 2048, 2048, 2048, 2048, 2048, 2048, 2048, 2048]","[2048, 2048, 2048, 2048, 2048, 2048, 2048, 2048, 2048, 2048, 2048]","[2048, 2048, 2048, 2048, 2048, 2048, 2064]",10009,260
2025-04-12 12:52:44.479000+00:00,4,72.297,69.295,33.269,167,133,True,174.861,4,1257,"[2064, 2064, 2064, 2048, 2048, 2048, 2048, 2048, 2048, 2048]","[2048, 2048, 2048, 2048, 2048, 2048, 2048, 2048, 2048, 2048, 2048]","[2048, 2048, 2048, 2048, 2048, 2048, 2048]",10009,117
2025-04-12 12:52:54.748000+00:00,55,30.508,41.162,23.744,238,269,False,95.414,2,1257,"[2049, 2049, 2049, 2049, 2049, 2049, 2049, 2049, 2049, 2049]","[2049, 2049, 2049, 2049, 2049, 2049, 2049, 2049, 2049, 2049, 2049]","[2049, 2049, 2049, 2049, 2049, 2048]",10009,314
2025-04-12 12:53:02.141000+00:00,16,30.098,40.996,23.441,238,264,False,94.535,5,1257,"[2049, 2049, 2049, 2048, 2048, 2049, 2049, 2049, 2048, 2049]","[2048, 2048, 2049, 2048, 2049, 2049, 2049, 2048, 2049, 2049, 2049]","[2048, 2051, 2051, 2051, 2048, 2049]",10009,317
2025-04-12 12:53:03.091000+00:00,87,31.809,44.354,24.867,228,235,False,101.03,8,1257,"[2048, 2048, 2048, 2048, 2048, 2048, 2048, 2048, 2048, 2048]","[2048, 2048, 2048, 2048, 2048, 2048, 2048, 2048, 2048, 2048, 2048]","[2048, 2048, 2048, 2048, 2048, 2048, 2048]",10009,300
2025-04-12 12:53:10.224000+00:00,23,30.377,41.717,23.873,234,266,False,95.967,2,1257,"[2049, 2049, 2049, 2049, 2049, 2049, 2049, 2049, 2049, 2049]","[2049, 2049, 2049, 2049, 2049, 2049, 2049, 2049, 2049, 2049, 2049]","[2049, 2049, 2049, 2049, 2049, 2048, 2049]",10009,314
2025-04-12 12:53:18.595000+00:00,81,43.73,63.353,36.577,148,154,False,143.66,3,1257,"[2048, 2048, 2048, 2048, 2048, 2048, 2048, 2048, 2048, 2048]","[2048, 2048, 2048, 2048, 2048, 2048, 2048, 2048, 2048, 2048, 2048]","[2048, 2048, 2048, 2048, 2048, 2048, 2064]",10009,166
2025-04-12 12:53:29.282000+00:00,6,,59.596,33.423,138,164,True,,1,1257,"[2064, 2064, 2064, 2049, 2049, 2049, 2049, 2049, 2049, 2049]","[2049, 2049, 2049, 2049, 2049, 2049, 2049, 2049, 2049, 2049, 2049]","[2049, 2049, 2049, 2049, 2049, 2049, 2049]",10009,126
2025-04-12 12:53:43.773000+00:00,30,,60.575,29.729,154,105,True,,1,1257,"[2064, 2064, 2064, 2049, 2049, 2049, 2049, 2049, 2049, 2049]","[2049, 2049, 2049, 2049, 2049, 2049, 2049, 2049, 2049, 2049, 2049]","[2049, 2049, 2049, 2049, 2049, 2049, 2049]",10009,132
2025-04-12 12:54:09.617000+00:00,12,,56.307,26.52,151,175,True,,1,1257,"[2064, 2064, 2064, 2049, 2049, 2049, 2049, 2049, 2049, 2049]","[2049, 2049, 2049, 2049, 2049, 2049, 2049, 2049, 2049, 2049, 2049]","[2049, 2049, 2049, 2049, 2049, 2049, 2049]",10009,124
2025-04-12 12:54:12.574000+00:00,22,30.206,41.248,23.511,237,272,False,94.965,5,1257,"[2049, 2049, 2049, 2049, 2049, 2049, 2048, 2049, 2049, 2049]","[2049, 2049, 2048, 2049, 2049, 2049, 2049, 2049, 2049, 2049, 2051]","[2049, 2051, 2049, 2049, 2049, 2048]",10009,316
2025-04-12 12:54:30.097000+00:00,55,49.291,69.063,42.072,160,82,False,160.426,3,1257,"[2048, 2048, 2048, 2048, 2048, 2048, 2048, 2048, 2048, 2048]","[2048, 2048, 2048, 2048, 2048, 2048, 2048, 2048, 2048, 2048, 2048]","[2048, 2048, 2048, 2048, 2048, 2048, 2064]",10009,112
2025-04-12 12:54:35.048000+00:00,7,78.946,65.323,25.334,137,224,True,169.603,7,1257,"[2064, 2064, 2064, 2048, 2048, 2048, 2048, 2048, 2048, 2048]","[2048, 2048, 2048, 2048, 2048, 2048, 2048, 2048, 2048, 2048, 2048]","[2048, 2048, 2048, 2048, 2048, 2048, 2049]",10009,101
2025-04-12 12:54:36.565000+00:00,16,53.214,71.388,37.166,106,140,False,161.768,6,1257,"[2051, 2048, 2048, 2048, 2048, 2048, 2048, 2048, 2048, 2048]","[2048, 2048, 2048, 2048, 2048, 2048, 2048, 2048, 2048, 2048, 2048]","[2048, 2048, 2048, 2048, 2048, 2048, 2064]",10009,193
2025-04-12 12:54:44.151000+00:00,87,31.898,44.928,24.963,,235,False,101.789,9,1257,"[None, 2048, 2048, 2048, 2048, 2048, 2048, 2048, 2048, 2048]","[2048, 2048, 2048, 2048, 2048, 2048, 2048, 2048, 2048, 2048, 2048]","[2048, 2048, 2048, 2048, 2048, 2048, 2048]",10009,294
2025-04-12 12:54:46.003000+00:00,23,51.73,66.901,35.968,75,145,False,154.599,3,1257,"[2048, 2048, 2048, 2048, 2048, 2048, 2048, 2048, 2048, 2048]","[2048, 2048, 2048, 2048, 2048, 2048, 2048, 2048, 2048, 2048, 2048]","[2048, 2048, 2048, 2048, 2048, 2048, 2064]",10009,126
2025-04-12 12:55:00.896000+00:00,14,48.797,64.365,34.913,127,105,False,148.075,4,1257,"[None, 2048, 2048, 2048, 2048, 2048, 2048, 2048, 2048, 2048]","[2048, 2048, 2048, 2048, 2048, 2048, 2048, 2048, 2048, 2048, 2048]","[2048, 2048, 2048, 2048, 2048, 2049, 2049]",10009,263
2025-04-12 12:55:11.159000+00:00,4,30.017,40.46,23.444,238,269,False,93.921,5,1257,"[2049, 2049, 2049, 2049, 2048, 2048, 2049, 2049, 2048, 2049]","[2048, 2051, 2048, 2049, 2048, 2048, 2049, 2049, 2049, 2049, 2049]","[2048, 2049, 2049, 2049, 2048, 2048, 2048]",10009,310
2025-04-12 12:55:15.338000+00:00,18,74.085,68.463,28.073,119,139,True,170.621,4,1257,"[2064, 2064, 2064, 2048, 2048, 2048, 2048, 2048, 2048, 2048]","[2048, 2048, 2048, 2048, 2048, 2048, 2048, 2048, 2048, 2048, 2048]","[2048, 2048, 2048, 2048, 2048, 2049, 2049]",10009,139
2025-04-12 12:55:18.541000+00:00,27,30.032,40.946,23.658,238,271,False,94.636,5,1257,"[2049, 2049, 2049, 2048, 2049, 2048, 2048, 2048, 2049, 2048]","[2048, 2048, 2049, 2048, 2048, 2048, 2049, 2049, 2049, 2049, 2049]","[2048, 2049, 2049, 2049, 2048, 2049]",10009,317
2025-04-12 12:55:42.391000+00:00,10,77.145,68.238,26.028,112,157,True,171.411,7,1257,"[2064, 2064, 2064, 2048, 2048, 2048, 2048, 2048, 2048, 2048]","[2048, 2048, 2048, 2048, 2048, 2048, 2048, 2048, 2048, 2048, 2048]","[2048, 2048, 2048, 2048, 2048, 2049, 2049]",10009,103
2025-04-12 12:55:43.276000+00:00,6,30.027,41.09,23.728,235,271,False,94.845,2,1257,"[2049, 2049, 2049, 2049, 2049, 2049, 2049, 2049, 2049, 2049]","[2049, 2049, 2049, 2049, 2049, 2049, 2049, 2049, 2049, 2049, 2049]","[2049, 2049, 2049, 2049, 2049, 2048]",10009,316
2025-04-12 12:55:47.343000+00:00,22,41.692,59.832,34.118,164,167,False,135.642,6,1257,"[2048, 2048, 2048, 2048, 2048, 2048, 2048, 2048, 2048, 2048]","[2048, 2048, 2048, 2048, 2048, 2048, 2048, 2048, 2048, 2048, 2048]","[2048, 2048, 2048, 2048, 2048, 2048, 2064]",10009,207
2025-04-12 12:55:53.210000+00:00,30,29.964,41.069,23.871,235,269,False,94.904,2,1257,"[2049, 2049, 2049, 2049, 2049, 2049, 2049, 2049, 2049, 2049]","[2049, 2049, 2049, 2049, 2049, 2049, 2049, 2049, 2049, 2049, 2049]","[2049, 2049, 2049, 2049, 2049, 2049]",10009,319
2025-04-12 12:55:59.442000+00:00,81,63.996,68.815,30.627,117,126,True,163.438,4,1257,"[2064, 2064, 2064, 2048, 2048, 2048, 2048, 2048, 2048, 2048]","[2048, 2048, 2048, 2048, 2048, 2048, 2048, 2048, 2048, 2048, 2048]","[2048, 2048, 2048, 2048, 2048, 2048, 2048]",10009,100
2025-04-12 12:56:03.510000+00:00,44,,64.415,27.28,132,167,True,810.307,6,1257,"[2064, 2064, 2064, 2048, 2048, 2048, 2048, 2048, 2048, 2048]","[2048, 2048, 2048, 2048, 2048, 2048, 2048, 2048, 2048, 2048, 2048]","[2048, 2048, 2048, 2048, 2048, 2048, 2048]",10009,135
2025-04-12 12:56:14.691000+00:00,12,30.135,41.271,23.626,238,268,False,95.032,2,1257,"[2049, 2049, 2049, 2049, 2049, 2049, 2049, 2049, 2049, 2049]","[2049, 2049, 2049, 2049, 2049, 2049, 2049, 2049, 2049, 2049, 2049]","[2049, 2049, 2049, 2049, 2049, 2049]",10009,316
2025-04-12 12:56:25.868000+00:00,87,31.882,44.193,24.716,,239,False,100.791,10,1257,"[None, 2048, 2048, 2048, 2048, 2048, 2048, 2048, 2048, 2048]","[2048, 2048, 2048, 2048, 2048, 2048, 2048, 2048, 2048, 2048, 2048]","[2048, 2048, 2048, 2048, 2048, 2048, 2048]",10009,295
2025-04-12 12:56:44.964000+00:00,4,36.68,41.649,23.622,222,243,False,101.951,6,1257,"[2048, 2048, 2048, 2048, 2048, 2048, 2048, 2048, 2048, 2048]","[2048, 2048, 2048, 2048, 2048, 2048, 2048, 2048, 2048, 2048, 2048]","[2048, 2049, 2049, 2048, 2048, 2048, 2049]",10009,178
2025-04-12 12:56:46.483000+00:00,5,,56.577,30.607,148,184,True,550.717,4,1257,"[2064, 2064, 2064, 2048, 2048, 2048, 2048, 2048, 2048, 2048]","[2048, 2048, 2048, 2048, 2048, 2048, 2048, 2048, 2048, 2048, 2048]","[2048, 2048, 2048, 2048, 2048, 2049, 2048]",10009,119
2025-04-12 12:56:53.076000+00:00,27,35.869,45.893,28.131,174,232,False,109.893,6,1257,"[2048, 2048, 2048, 2048, 2048, 2048, 2048, 2048, 2048, 2048]","[2048, 2048, 2048, 2048, 2048, 2048, 2048, 2048, 2048, 2048, 2048]","[2048, 2048, 2048, 2048, 2048, 2048, 2064]",10009,279
2025-04-12 12:56:56.824000+00:00,7,30.167,40.977,23.662,237,269,False,94.806,8,1257,"[2049, 2049, 2051, 2051, 2049, 2048, 2049, 2049, 2048, 2049]","[2048, 2048, 2048, 2049, 2049, 2049, 2049, 2049, 2049, 2049, 2049]","[2048, 2048, 2048, 2048, 2049, 2048]",10009,319
2025-04-12 12:57:17.945000+00:00,6,44.574,59.835,34.123,158,179,False,138.532,3,1257,"[2048, 2048, 2048, 2048, 2048, 2048, 2048, 2048, 2048, 2048]","[2048, 2048, 2048, 2048, 2048, 2048, 2048, 2048, 2048, 2048, 2048]","[2048, 2048, 2048, 2048, 2048, 2048, 2064]",10009,211
2025-04-12 12:57:27.953000+00:00,30,44.683,58.198,35.676,154,168,False,138.557,3,1257,"[2048, 2048, 2048, 2048, 2048, 2048, 2048, 2048, 2048, 2048]","[2048, 2048, 2048, 2048, 2048, 2048, 2048, 2048, 2048, 2048, 2048]","[2048, 2048, 2048, 2048, 2048, 2048, 2064]",10009,168
2025-04-12 12:57:28.977000+00:00,14,29.729,40.836,23.709,237,268,False,94.274,5,1257,"[2051, 2051, 2049, 2048, 2048, 2048, 2048, 2048, 2048, 2048]","[2048, 2049, 2048, 2048, 2049, 2048, 2048, 2048, 2048, 2048, 2049]","[2048, 2048, 2048, 2048, 2049, 2048, 2048]",10009,319
2025-04-12 12:57:37.022000+00:00,55,68.372,48.759,32.147,191,206,True,149.278,4,1257,"[2064, 2064, 2064, 2048, 2048, 2048, 2048, 2048, 2048, 2048]","[2048, 2048, 2048, 2048, 2048, 2048, 2048, 2048, 2048, 2048, 2048]","[2048, 2048, 2048, 2048, 2048, 2048, 2049]",10009,96
2025-04-12 12:57:37.847000+00:00,18,29.987,41.473,23.858,238,269,False,95.318,5,1257,"[2049, 2049, 2049, 2049, 2049, 2049, 2049, 2049, 2048, 2048]","[2048, 2049, 2048, 2048, 2048, 2048, 2048, 2049, 2048, 2048, 2048]","[2048, 2048, 2048, 2048, 2049, 2048]",10009,318
2025-04-12 12:57:48.583000+00:00,23,70.566,64.307,36.405,140,111,True,171.278,4,1257,"[2064, 2064, 2064, 2048, 2048, 2048, 2048, 2048, 2048, 2048]","[2048, 2048, 2048, 2048, 2048, 2048, 2048, 2048, 2048, 2048, 2048]","[2048, 2048, 2048, 2048, 2048, 2048, 2049]",10009,110
2025-04-12 12:57:49.652000+00:00,12,48.33,76.345,46.58,61,106,False,171.255,3,1257,"[None, 2048, 2048, 2048, 2048, 2048, 2048, 2048, 2048, 2048]","[2048, 2048, 2048, 2048, 2048, 2048, 2048, 2048, 2048, 2048, 2048]","[2048, 2048, 2048, 2048, 2048, 2048, 2064]",10009,186
2025-04-12 12:57:55.373000+00:00,16,94.099,62.399,25.891,157,204,True,182.389,7,1257,"[2064, 2064, 2064, 2048, 2048, 2048, 2048, 2048, 2048, 2048]","[2048, 2048, 2048, 2048, 2048, 2048, 2048, 2048, 2048, 2048, 2048]","[2048, 2048, 2048, 2048, 2048, 2051, 2048]",10009,180
2025-04-12 12:58:04.447000+00:00,10,30.065,40.946,23.561,238,268,False,94.572,8,1257,"[2049, 2049, 2048, 2048, 2049, 2049, 2049, 2049, 2048, 2048]","[2048, 2049, 2048, 2048, 2048, 2049, 2049, 2048, 2048, 2048, 2048]","[2048, 2049, 2048, 2049, 2049, 2048, 2048]",10009,315
2025-04-12 12:58:06.636000+00:00,87,31.864,44.414,24.73,227,237,False,101.008,11,1257,"[None, 2048, 2048, 2048, 2048, 2048, 2048, 2048, 2048, 2048]","[2048, 2048, 2048, 2048, 2048, 2048, 2048, 2048, 2048, 2048, 2048]","[2048, 2048, 2048, 2048, 2048, 2048]",10009,296
2025-04-12 12:58:18.589000+00:00,44,29.894,40.875,23.529,239,274,False,94.298,7,1257,"[2048, 2048, 2048, 2049, 2048, 2048, 2048, 2048, 2049, 2049]","[2049, 2048, 2049, 2048, 2048, 2048, 2048, 2048, 2049, 2049, 2051]","[2049, 2048, 2048, 2049, 2049, 2048, 2049]",10009,316
2025-04-12 12:58:20.254000+00:00,22,60.145,55.885,31.827,137,164,True,147.857,7,1257,"[2064, 2064, 2064, 2048, 2048, 2048, 2048, 2048, 2048, 2048]","[2048, 2048, 2048, 2048, 2048, 2048, 2048, 2048, 2048, 2048, 2048]","[2048, 2048, 2048, 2048, 2048, 2048, 2064]",10009,109
2025-04-12 12:58:25.895000+00:00,81,29.928,40.523,23.362,238,267,False,93.813,5,1257,"[2049, 2049, 2049, 2049, 2048, 2048, 2048, 2048, 2048, 2048]","[2049, 2048, 2048, 2048, 2048, 2048, 2048, 2048, 2051, 2048, 2048]","[2048, 2049, 2048, 2049, 2051, 2048, 2048]",10009,310
2025-04-12 12:58:25.981000+00:00,63,,55.676,29.788,175,177,True,,1,1257,"[2064, 2064, 2064, 2049, 2049, 2049, 2049, 2049, 2049, 2049]","[2049, 2049, 2049, 2049, 2049, 2049, 2049, 2049, 2049, 2049, 2049]","[2049, 2049, 2049, 2049, 2049, 2049, 2049]",10009,117
2025-04-12 12:58:26.974000+00:00,4,30.589,41.787,23.657,237,242,False,96.033,7,1257,"[None, 2048, 2048, 2048, 2048, 2048, 2048, 2048, 2048, 2048]","[2048, 2048, 2048, 2048, 2048, 2048, 2048, 2048, 2049, 2048, 2048]","[2048, 2049, 2049, 2048, 2048, 2048, 2048]",10009,299
2025-04-12 12:58:31.477000+00:00,7,43.303,51.246,29.576,130,245,False,124.125,9,1257,"[None, 2048, 2048, 2048, 2048, 2048, 2048, 2048, 2048, 2048]","[2048, 2048, 2048, 2048, 2048, 2048, 2048, 2048, 2048, 2048, 2048]","[2048, 2048, 2048, 2048, 2048, 2048, 2064]",10009,244
2025-04-12 12:58:55.433000+00:00,5,30.217,41.483,23.886,237,264,False,95.586,5,1257,"[2048, 2048, 2048, 2048, 2048, 2048, 2048, 2048, 2048, 2048]","[2048, 2049, 2049, 2048, 2048, 2048, 2048, 2048, 2049, 2049, 2049]","[2049, 2048, 2048, 2048, 2048, 2048]",10009,314
2025-04-12 12:59:03.281000+00:00,14,36.542,45.225,24.391,218,209,False,106.158,6,1257,"[2048, 2048, 2048, 2048, 2048, 2048, 2048, 2048, 2048, 2048]","[2048, 2048, 2048, 2048, 2048, 2048, 2048, 2048, 2048, 2048, 2048]","[2048, 2048, 2048, 2048, 2048, 2048, 2048]",10009,151
2025-04-12 12:59:04.235000+00:00,1,,59.694,38.315,148,155,True,639.415,3,1257,"[2064, 2064, 2064, 2048, 2048, 2048, 2048, 2048, 2048, 2048]","[2048, 2048, 2048, 2048, 2048, 2048, 2048, 2048, 2048, 2048, 2048]","[2048, 2048, 2048, 2048, 2048, 2048, 2048]",10009,164
2025-04-12 12:59:08.255000+00:00,27,71.092,,,75,,True,,7,1257,"[2064, 2064, 2064, 2048, 2048, 2048, 2048, 2048, 2048, 2048]","[0, 0, 0, 0, 0, 0, 0, 0, 0, 0, 0]","[0, 0, 0, 0, 0, 0, 0]",10009,209
2025-04-12 12:59:13.056000+00:00,18,50.4,96.305,35.315,99,123,False,182.02,6,1257,"[2048, 2048, 2048, 2048, 2048, 2048, 2048, 2048, 2048, 2048]","[2048, 2048, 2048, 2048, 2048, 2048, 2048, 2048, 2048, 2048, 2048]","[2048, 2048, 2048, 2048, 2048, 2048, 2048]",10009,139
2025-04-12 12:59:39.025000+00:00,10,42.132,70.585,37.353,192,149,False,150.07,9,1257,"[2048, 2048, 2048, 2048, 2048, 2048, 2048, 2048, 2048, 2048]","[2048, 2048, 2048, 2048, 2048, 2048, 2048, 2048, 2048, 2048, 2048]","[2048, 2048, 2048, 2048, 2048, 2048, 2064]",10009,214
2025-04-12 12:59:39.899000+00:00,55,30.249,41.886,38.195,237,162,False,110.33,5,1257,"[2049, 2051, 2051, 2049, 2048, 2049, 2049, 2049, 2049, 2048]","[2048, 2048, 2049, 2049, 2049, 2049, 2049, 2049, 2048, 2048, 2048]","[2048, 2048, 2048, 2048, 2048, 2048, 2064]",10009,321
2025-04-12 12:59:47.993000+00:00,87,31.882,50.184,34.057,225,172,False,116.123,12,1257,"[None, 2048, 2048, 2048, 2048, 2048, 2048, 2048, 2048, 2048]","[2048, 2048, 2048, 2048, 2048, 2048, 2048, 2048, 2048, 2048, 2048]","[2048, 2048, 2048, 2048, 2048, 2048, 2064]",10009,293
2025-04-12 12:59:52.792000+00:00,44,46.541,87.767,40.529,126,102,False,174.837,8,1257,"[None, 2048, 2048, 2048, 2048, 2048, 2048, 2048, 2048, 2048]","[2048, 2048, 2048, 2048, 2048, 2048, 2048, 2048, 2048, 2048, 2048]","[2048, 2048, 2048, 2048, 2048, 2048, 2048]",10009,170
2025-04-12 12:59:59.697000+00:00,81,36.145,65.375,40.954,210,135,False,142.474,6,1257,"[2048, 2048, 2048, 2048, 2048, 2048, 2048, 2048, 2048, 2048]","[2048, 2048, 2048, 2048, 2048, 2048, 2048, 2048, 2048, 2048, 2048]","[2048, 2048, 2048, 2048, 2048, 2048, 2048]",10009,291
2025-04-12 12:59:59.828000+00:00,31,,85.79,53.67,219,94,True,996.474,7,1257,"[2064, 2064, 2064, 2048, 2048, 2048, 2048, 2048, 2048, 2048]","[2048, 2048, 2048, 2048, 2048, 2048, 2048, 2048, 2048, 2048, 2048]","[2048, 2048, 2048, 2048, 2048, 2048, 2048]",10009,176
2025-04-12 13:00:03.032000+00:00,4,30.855,66.283,37.679,238,129,False,134.817,8,1257,"[None, 2048, 2048, 2048, 2048, 2048, 2048, 2048, 2048, 2048]","[2048, 2048, 2048, 2048, 2048, 2048, 2048, 2048, 2048, 2048, 2048]","[2048, 2048, 2048, 2048, 2048, 2048, 2048]",10009,296
2025-04-12 13:00:11.868000+00:00,23,30.316,73.305,52.378,235,89,False,155.999,5,1257,"[2048, 2049, 2048, 2048, 2048, 2049, 2049, 2049, 2049, 2049]","[2049, 2048, 2048, 2048, 2048, 2048, 2048, 2048, 2048, 2048, 2048]","[2048, 2048, 2048, 2048, 2048, 2048, 2064]",10009,313
2025-04-12 13:00:20.949000+00:00,16,30.228,,43.171,170,84,False,174.144,8,1257,"[2049, 2049, 2049, 2048, 2048, 2048, 2049, 2049, 2048, 2048]","[2048, 2048, 2048, 2048, 2048, 2048, 2048, 2048, 2048, 2048, 2048]","[2048, 2048, 2048, 2048, 2048, 2048, 2048]",10009,318
2025-04-12 13:00:31.030000+00:00,5,47.807,89.108,35.18,119,90,False,172.095,6,1257,"[None, 2048, 2048, 2048, 2048, 2048, 2048, 2048, 2048, 2048]","[2048, 2048, 2048, 2048, 2048, 2048, 2048, 2048, 2048, 2048, 2048]","[2048, 2048, 2048, 2048, 2048, 2048, 2064]",10009,197
2025-04-12 13:00:32.036000+00:00,63,43.026,91.834,38.903,101,108,False,173.763,2,1257,"[2049, 2049, 2049, 2049, 2049, 2049, 2049, 2048, 2048, 2048]","[2048, 2048, 2048, 2048, 2048, 2048, 2048, 2048, 2048, 2048, 2048]","[2048, 2048, 2048, 2048, 2048, 2048]",10009,318
2025-04-12 13:00:49.313000+00:00,14,47.501,72.36,29.637,140,102,False,149.498,7,1257,"[None, 2048, 2048, 2048, 2048, 2048, 2048, 2048, 2048, 2048]","[2048, 2048, 2048, 2048, 2048, 2048, 2048, 2048, 2048, 2048, 2048]","[2048, 2048, 2048, 2048, 2048, 2048, 2048]",10009,131
2025-04-12 13:01:12.072000+00:00,12,89.935,66.992,28.93,128,141,True,185.857,4,1257,"[2064, 2064, 2064, 2048, 2048, 2048, 2048, 2048, 2048, 2048]","[2048, 2048, 2048, 2048, 2048, 2048, 2048, 2048, 2048, 2048, 2048]","[2048, 2048, 2048, 2048, 2048, 2048]",10009,68
2025-04-12 13:01:23.066000+00:00,1,48.925,77.46,27.816,118,183,False,154.201,4,1257,"[2048, 2048, 2048, 2048, 2048, 2048, 2048, 2048, 2048, 2048]","[2048, 2048, 2048, 2048, 2048, 2048, 2048, 2048, 2048, 2048, 2048]","[2048, 2048, 2048, 2048, 2048, 2049, 2049]",10009,180
2025-04-12 13:02:15.219000+00:00,18,47.269,61.27,32.624,134,120,False,141.163,7,1257,"[None, 2048, 2048, 2048, 2048, 2048, 2048, 2048, 2048, 2048]","[2048, 2048, 2048, 2048, 2048, 2048, 2048, 2048, 2048, 2048, 2048]","[2048, 2048, 2048, 2048, 2048, 2048, 2048]",10009,155
2025-04-12 13:02:17.765000+00:00,4,45.829,43.316,24.424,202,267,False,113.569,9,1257,"[None, 2048, 2048, 2048, 2048, 2048, 2048, 2048, 2048, 2048]","[2048, 2048, 2048, 2048, 2048, 2048, 2048, 2048, 2048, 2049, 2049]","[2048, 2048, 2048, 2048, 2048, 2048, 2048]",10009,172
2025-04-12 13:02:22.023000+00:00,81,53.413,46.581,30.132,195,221,False,130.126,7,1257,"[None, 2048, 2048, 2048, 2048, 2048, 2048, 2048, 2048, 2048]","[2048, 2048, 2048, 2048, 2048, 2048, 2048, 2048, 2048, 2048, 2048]","[2048, 2048, 2048, 2048, 2048, 2048, 2064]",10009,113
2025-04-12 13:02:47.681000+00:00,44,39.529,62.232,33.04,202,129,False,134.801,9,1257,"[None, 2048, 2048, 2048, 2048, 2048, 2048, 2048, 2048, 2048]","[2048, 2048, 2048, 2048, 2048, 2048, 2048, 2048, 2048, 2048, 2048]","[2048, 2048, 2048, 2048, 2048, 2048, 2048]",10009,212
2025-04-12 13:03:05.026000+00:00,23,57.871,49.526,33.055,170,244,True,140.452,6,1257,"[2064, 2064, 2064, 2048, 2048, 2048, 2048, 2048, 2048, 2048]","[2048, 2048, 2048, 2048, 2048, 2048, 2048, 2048, 2048, 2048, 2048]","[2048, 2048, 2048, 2048, 2048, 2049, 2049]",10009,106
2025-04-12 13:03:06.097000+00:00,31,32.041,43.244,24.588,230,254,False,99.873,8,1257,"[2048, 2048, 2048, 2048, 2048, 2048, 2048, 2048, 2048, 2048]","[2048, 2048, 2048, 2048, 2048, 2048, 2048, 2048, 2048, 2048, 2048]","[2048, 2048, 2048, 2048, 2048, 2048, 2048]",10009,290
2025-04-12 13:03:15.058000+00:00,16,30.006,40.793,23.459,238,272,False,94.258,9,1257,"[2048, 2048, 2048, 2049, 2048, 2049, 2049, 2048, 2049, 2048]","[2048, 2048, 2049, 2051, 2049, 2049, 2051, 2049, 2048, 2048, 2049]","[2048, 2048, 2048, 2048, 2049, 2048]",10009,
2025-04-12 13:03:15.948000+00:00,6,,63.451,28.567,166,100,True,358.616,4,1257,"[2064, 2064, 2064, 2048, 2048, 2048, 2048, 2048, 2048, 2048]","[2048, 2048, 2048, 2048, 2048, 2048, 2048, 2048, 2048, 2048, 2048]","[2048, 2048, 2048, 2048, 2048, 2049, 2049]",10009,80
2025-04-12 13:03:18.874000+00:00,14,31.095,41.824,23.955,238,254,False,96.874,8,1257,"[None, 2048, 2048, 2048, 2048, 2048, 2048, 2048, 2048, 2048]","[2048, 2048, 2048, 2048, 2048, 2048, 2048, 2048, 2048, 2048, 2048]","[2048, 2049, 2048, 2048, 2048, 2048, 2048]",10009,292
2025-04-12 13:03:25.262000+00:00,63,43.486,76.212,25.406,146,178,False,145.104,3,1257,"[2048, 2048, 2048, 2049, 2048, 2048, 2048, 2048, 2048, 2048]","[2048, 2048, 2048, 2048, 2048, 2048, 2048, 2048, 2048, 2048, 2048]","[2049, 2049, 2049, 2049, 2049, 2048]",10009,
2025-04-12 13:03:34.785000+00:00,30,,61.297,32.401,162,171,True,369.099,4,1257,"[2064, 2064, 2064, 2048, 2048, 2048, 2048, 2048, 2048, 2048]","[2048, 2048, 2048, 2048, 2048, 2048, 2048, 2048, 2048, 2048, 2048]","[2048, 2048, 2048, 2048, 2048, 2048, 2048]",10009,113
2025-04-12 13:03:48.184000+00:00,12,30.159,41.08,23.908,237,269,False,95.147,5,1257,"[2049, 2048, 2048, 2049, 2049, 2048, 2049, 2049, 2048, 2048]","[2048, 2049, 2049, 2049, 2048, 2049, 2049, 2049, 2049, 2049, 2049]","[2049, 2049, 2049, 2049, 2048, 2048, 2048]",10009,314
2025-04-12 13:03:57.102000+00:00,1,29.879,40.25,23.429,234,270,False,93.558,5,1257,"[2049, 2048, 2048, 2048, 2048, 2049, 2049, 2049, 2048, 2048]","[2048, 2048, 2051, 2049, 2051, 2048, 2048, 2048, 2049, 2049, 2049]","[2049, 2049, 2049, 2049, 2049, 2048, 2048]",10009,313
2025-04-12 13:04:11.317000+00:00,4,33.531,44.354,30.584,216,197,False,108.469,10,1257,"[None, 2048, 2048, 2048, 2048, 2048, 2048, 2048, 2048, 2048]","[2048, 2048, 2048, 2048, 2048, 2048, 2048, 2048, 2048, 2048, 2048]","[2048, 2048, 2048, 2048, 2048, 2048, 2064]",10009,239
2025-04-12 13:04:36.406000+00:00,18,30.255,41.212,23.81,239,264,False,95.277,8,1257,"[None, 2048, 2048, 2048, 2049, 2048, 2048, 2048, 2048, 2048]","[2048, 2048, 2048, 2048, 2048, 2048, 2048, 2048, 2048, 2048, 2048]","[2048, 2048, 2048, 2048, 2049, 2048, 2048]",10009,312
2025-04-12 13:04:45.961000+00:00,31,31.716,43.455,24.584,225,250,False,99.755,9,1257,"[None, 2048, 2048, 2048, 2048, 2048, 2048, 2048, 2048, 2048]","[2048, 2048, 2048, 2048, 2048, 2048, 2048, 2048, 2048, 2048, 2048]","[2048, 2048, 2048, 2048, 2048, 2048, 2048]",10009,285
2025-04-12 13:04:49.173000+00:00,16,49.575,55.959,26.127,90,185,False,131.661,10,1257,"[None, 2048, 2048, 2048, 2048, 2048, 2048, 2048, 2048, 2048]","[2048, 2048, 2048, 2048, 2048, 2048, 2048, 2048, 2048, 2048, 2048]","[2048, 2048, 2048, 2048, 2048, 2048, 2048]",10009,249
2025-04-12 13:04:55.782000+00:00,14,32.182,43.461,30.029,223,242,False,105.672,9,1257,"[None, 2048, 2048, 2048, 2048, 2048, 2048, 2048, 2048, 2048]","[2048, 2048, 2048, 2048, 2048, 2048, 2048, 2048, 2048, 2048, 2048]","[2048, 2048, 2048, 2048, 2048, 2048, 2064]",10009,291
2025-04-12 13:05:02.439000+00:00,44,30.688,41.887,23.968,239,237,False,96.543,10,1257,"[None, 2048, 2048, 2048, 2048, 2048, 2048, 2048, 2048, 2048]","[2048, 2048, 2048, 2048, 2048, 2048, 2048, 2048, 2048, 2048, 2048]","[2048, 2048, 2048, 2048, 2049, 2048, 2048]",10009,297
2025-04-12 13:05:08.355000+00:00,23,30.059,41.454,23.597,237,265,False,95.11,7,1257,"[2049, 2049, 2049, 2051, 2048, 2049, 2049, 2049, 2049, 2048]","[2048, 2048, 2049, 2049, 2049, 2049, 2049, 2049, 2048, 2048, 2049]","[2049, 2051, 2049, 2049, 2049, 2048, 2048]",10009,316
2025-04-12 13:05:22.048000+00:00,12,47.355,61.986,29.345,150,192,False,138.686,6,1257,"[2048, 2048, 2048, 2048, 2048, 2048, 2048, 2048, 2048, 2048]","[2048, 2048, 2048, 2048, 2048, 2048, 2048, 2048, 2048, 2048, 2048]","[2048, 2048, 2048, 2048, 2048, 2048, 2064]",10009,208
2025-04-12 13:05:31.309000+00:00,1,33.799,45.052,28.349,125,252,False,107.2,6,1257,"[2048, 2048, 2048, 2048, 2048, 2048, 2048, 2048, 2048, 2048]","[2048, 2048, 2048, 2048, 2048, 2048, 2048, 2048, 2048, 2048, 2048]","[2048, 2048, 2048, 2048, 2048, 2048, 2064]",10009,259
2025-04-12 13:05:35.163000+00:00,6,30.032,41.121,23.528,238,272,False,94.681,5,1257,"[2049, 2049, 2049, 2049, 2049, 2048, 2049, 2049, 2048, 2048]","[2049, 2048, 2048, 2049, 2048, 2049, 2049, 2049, 2048, 2049, 2049]","[2048, 2049, 2049, 2049, 2048, 2048]",10009,318
2025-04-12 13:05:50.847000+00:00,63,30.023,41.225,23.639,238,271,False,94.887,4,1257,"[None, 2048, 2048, 2048, 2048, 2049, 2049, 2049, 2049, 2049]","[2049, 2049, 2049, 2049, 2049, 2049, 2049, 2049, 2049, 2049, 2049]","[2049, 2049, 2049, 2049, 2049, 2048]",10009,316
2025-04-12 13:05:55.769000+00:00,30,30.065,40.984,23.598,237,272,False,94.647,5,1257,"[2049, 2049, 2049, 2049, 2048, 2048, 2051, 2051, 2048, 2048]","[2048, 2048, 2049, 2049, 2048, 2049, 2049, 2049, 2049, 2049, 2049]","[2049, 2049, 2049, 2049, 2049, 2049, 2049]",10009,319
2025-04-12 13:06:11.548000+00:00,18,38.042,54.865,31.598,156,157,False,124.505,9,1257,"[None, 2048, 2048, 2048, 2048, 2048, 2048, 2048, 2048, 2048]","[2048, 2048, 2048, 2048, 2048, 2048, 2048, 2048, 2048, 2048, 2048]","[2048, 2048, 2048, 2048, 2048, 2048, 2064]",10009,207
2025-04-12 13:06:25.731000+00:00,31,31.483,43.177,24.677,226,255,False,99.337,10,1257,"[None, 2048, 2048, 2048, 2048, 2048, 2048, 2048, 2048, 2048]","[2048, 2048, 2048, 2048, 2048, 2048, 2048, 2048, 2048, 2048, 2048]","[2048, 2048, 2048, 2048, 2048, 2048, 2048]",10009,302
2025-04-12 13:06:39.074000+00:00,44,31.203,42.363,23.818,227,249,False,97.384,11,1257,"[None, 2048, 2048, 2048, 2048, 2048, 2048, 2048, 2048, 2048]","[2048, 2048, 2048, 2048, 2048, 2048, 2048, 2048, 2048, 2048, 2048]","[2048, 2048, 2049, 2048, 2048, 2048, 2048]",10009,
2025-04-12 13:06:43.434000+00:00,23,37.012,44.619,27.322,204,216,False,108.953,8,1257,"[2048, 2048, 2048, 2048, 2048, 2048, 2048, 2048, 2048, 2048]","[2048, 2048, 2048, 2048, 2048, 2048, 2048, 2048, 2049, 2048, 2048]","[2048, 2048, 2048, 2048, 2048, 2048, 2064]",10009,253
2025-04-12 13:07:00.906000+00:00,16,30.659,41.631,23.872,237,250,False,96.162,11,1257,"[None, 2048, 2048, 2048, 2048, 2048, 2048, 2048, 2048, 2048]","[2048, 2048, 2048, 2048, 2048, 2048, 2048, 2048, 2048, 2048, 2048]","[2048, 2048, 2048, 2048, 2048, 2048, 2048]",10009,296
2025-04-12 13:07:09.726000+00:00,6,31.62,50.557,27.787,219,181,False,109.964,6,1257,"[2048, 2048, 2048, 2048, 2048, 2048, 2048, 2048, 2048, 2048]","[2048, 2048, 2048, 2048, 2048, 2048, 2048, 2048, 2048, 2048, 2048]","[2048, 2048, 2048, 2048, 2048, 2048, 2064]",10009,297
2025-04-12 13:07:25.227000+00:00,63,52.109,63.867,35.462,129,149,False,151.438,5,1257,"[None, 2048, 2048, 2048, 2048, 2048, 2048, 2048, 2048, 2048]","[2048, 2048, 2048, 2048, 2048, 2048, 2048, 2048, 2048, 2048, 2048]","[2048, 2048, 2048, 2048, 2048, 2048, 2064]",10009,141
2025-04-12 13:07:30.326000+00:00,30,48.043,51.659,29.433,143,198,False,129.135,6,1257,"[2048, 2048, 2048, 2048, 2048, 2048, 2048, 2048, 2048, 2048]","[2048, 2048, 2048, 2048, 2048, 2048, 2048, 2048, 2048, 2048, 2048]","[2048, 2048, 2048, 2048, 2048, 2048, 2064]",10009,237
2025-04-12 13:08:05.040000+00:00,31,33.746,46.471,28.951,202,242,False,109.168,11,1257,"[None, 2048, 2048, 2048, 2048, 2048, 2048, 2048, 2048, 2048]","[2048, 2048, 2048, 2048, 2048, 2048, 2048, 2048, 2048, 2048, 2048]","[2048, 2048, 2048, 2048, 2048, 2048, 2064]",10009,253
2025-04-12 13:08:10.701000+00:00,55,,56.817,28.396,188,208,True,518.865,6,1257,"[2064, 2064, 2064, 2048, 2048, 2048, 2048, 2048, 2048, 2048]","[2048, 2048, 2048, 2048, 2048, 2048, 2048, 2048, 2048, 2048, 2048]","[2048, 2048, 2048, 2048, 2048, 2049, 2048]",10009,189
2025-04-12 13:08:16.402000+00:00,44,31.143,42.736,28.566,235,252,False,102.445,12,1257,"[None, 2048, 2048, 2048, 2048, 2048, 2048, 2048, 2048, 2048]","[2048, 2048, 2048, 2048, 2048, 2048, 2048, 2048, 2048, 2048, 2048]","[2048, 2048, 2048, 2048, 2048, 2048, 2064]",10009,294
2025-04-12 13:08:37.064000+00:00,16,31.025,42.314,29.088,233,258,False,102.427,12,1257,"[None, 2048, 2048, 2048, 2048, 2048, 2048, 2048, 2048, 2048]","[2048, 2048, 2048, 2048, 2048, 2048, 2048, 2048, 2048, 2048, 2048]","[2048, 2048, 2048, 2048, 2048, 2048, 2064]",10009,293
2025-04-12 13:08:46.142000+00:00,5,,59.976,30.513,144,152,True,452.603,7,1257,"[2064, 2064, 2064, 2048, 2048, 2048, 2048, 2048, 2048, 2048]","[2048, 2048, 2048, 2048, 2048, 2048, 2048, 2048, 2048, 2048, 2048]","[2048, 2048, 2048, 2048, 2048, 2049, 2049]",10009,176
2025-04-12 13:09:22.143000+00:00,6,67.057,42.487,26.542,237,256,True,136.086,7,1257,"[2064, 2064, 2064, 2048, 2048, 2048, 2048, 2048, 2048, 2048]","[2048, 2048, 2048, 2048, 2048, 2048, 2048, 2048, 2048, 2048, 2048]","[2048, 2048, 2048, 2048, 2049, 2048, 2064]",10009,205
2025-04-12 13:10:05.030000+00:00,30,77.414,55.185,32.468,155,152,True,165.067,7,1257,"[2064, 2064, 2064, 2048, 2048, 2048, 2048, 2048, 2048, 2048]","[2048, 2048, 2048, 2048, 2048, 2048, 2048, 2048, 2048, 2048, 2048]","[2048, 2048, 2048, 2048, 2048, 2048, 2064]",10009,202
2025-04-12 13:10:09.083000+00:00,55,30.226,69.498,39.82,237,161,False,139.544,7,1257,"[2048, 2048, 2048, 2048, 2049, 2049, 2049, 2049, 2049, 2048]","[2048, 2048, 2048, 2048, 2048, 2048, 2048, 2048, 2048, 2048, 2048]","[2048, 2048, 2048, 2048, 2048, 2048, 2048]",10009,315
2025-04-12 13:10:23.159000+00:00,63,70.411,71.034,33.673,128,118,True,175.118,6,1257,"[2064, 2064, 2064, 2048, 2048, 2048, 2048, 2048, 2048, 2048]","[2048, 2048, 2048, 2048, 2048, 2048, 2048, 2048, 2048, 2048, 2048]","[2048, 2048, 2048, 2048, 2048, 2049, 2048]",10009,125
2025-04-12 13:10:55.753000+00:00,5,29.897,40.816,23.805,240,275,False,94.518,8,1257,"[2049, 2049, 2048, 2048, 2048, 2048, 2048, 2051, 2049, 2051]","[2048, 2049, 2048, 2048, 2048, 2048, 2051, 2048, 2049, 2049, 2051]","[2049, 2048, 2048, 2049, 2048, 2048]",10009,319
2025-04-12 13:12:28.700000+00:00,55,30.451,41.35,27.911,234,248,False,99.712,8,1257,"[None, 2048, 2048, 2048, 2049, 2049, 2048, 2048, 2048, 2048]","[2048, 2048, 2049, 2048, 2048, 2049, 2048, 2048, 2049, 2048, 2048]","[2048, 2048, 2048, 2048, 2048, 2048, 2064]",10009,313
2025-04-12 13:12:30.008000+00:00,5,46.596,67.604,38.764,140,161,False,152.964,9,1257,"[2048, 2048, 2048, 2048, 2048, 2048, 2048, 2048, 2048, 2048]","[2048, 2048, 2048, 2048, 2048, 2048, 2048, 2048, 2048, 2048, 2048]","[2048, 2048, 2048, 2048, 2048, 2048, 2064]",10009,190
2025-04-12 13:12:51.993000+00:00,63,32.12,61.9,28.411,230,209,False,122.431,7,1257,"[2048, 2048, 2048, 2048, 2048, 2048, 2048, 2048, 2048, 2048]","[2049, 2049, 2048, 2049, 2048, 2048, 2048, 2048, 2048, 2048, 2048]","[2048, 2048, 2048, 2048, 2048, 2048, 2064]",10009,315
2025-04-12 13:13:05.476000+00:00,22,,57.624,26.038,129,196,True,883.322,8,1257,"[None, 2064, 2064, 2048, 2048, 2048, 2048, 2048, 2048, 2048]","[2048, 2048, 2048, 2048, 2048, 2048, 2048, 2048, 2048, 2048, 2048]","[2048, 2048, 2048, 2048, 2048, 2049, 2048]",10009,109
2025-04-12 13:13:17.068000+00:00,14,,61.26,29.252,153,166,True,526.474,10,1257,"[2064, 2064, 2064, 2048, 2048, 2048, 2048, 2048, 2048, 2048]","[2048, 2048, 2048, 2048, 2048, 2048, 2048, 2048, 2048, 2048, 2048]","[2048, 2048, 2048, 2048, 2048, 2049, 2048]",10009,155
2025-04-12 13:14:26.204000+00:00,23,,48.135,24.852,165,218,True,468.5,9,1257,"[2064, 2064, 2064, 2048, 2048, 2048, 2048, 2048, 2048, 2048]","[2048, 2048, 2048, 2048, 2048, 2048, 2048, 2048, 2048, 2048, 2048]","[2048, 2048, 2048, 2048, 2049, 2049, 2048]",10009,104
2025-04-12 13:15:14.352000+00:00,22,37.486,74.909,38.648,121,120,False,151.043,9,1257,"[2048, 2048, 2048, 2049, 2049, 2048, 2048, 2048, 2048, 2048]","[2048, 2048, 2048, 2048, 2048, 2048, 2048, 2048, 2048, 2048, 2048]","[2048, 2048, 2048, 2048, 2048, 2048, 2049]",10009,315
2025-04-12 13:15:21.108000+00:00,4,,62.038,31.781,150,175,True,699.049,11,1257,"[2064, 2064, 2064, 2048, 2048, 2048, 2048, 2048, 2048, 2048]","[2048, 2048, 2048, 2048, 2048, 2048, 2048, 2048, 2048, 2048, 2048]","[2048, 2048, 2048, 2048, 2048, 2049, 2049]",10009,125
2025-04-12 13:15:22.428000+00:00,5,69.184,65.235,39.138,122,151,True,173.557,10,1257,"[2064, 2064, 2064, 2048, 2048, 2048, 2048, 2048, 2048, 2048]","[2048, 2048, 2048, 2048, 2048, 2048, 2048, 2048, 2048, 2048, 2048]","[2048, 2048, 2048, 2048, 2048, 2048, 2048]",10009,111
2025-04-12 13:15:27.944000+00:00,14,29.648,40.576,23.637,240,266,False,93.861,11,1257,"[2048, 2048, 2048, 2049, 2048, 2048, 2049, 2049, 2049, 2048]","[2049, 2051, 2048, 2048, 2048, 2051, 2049, 2049, 2048, 2049, 2048]","[2049, 2048, 2049, 2049, 2049, 2048, 2048]",10009,316
2025-04-12 13:15:30.942000+00:00,1,,53.063,26.145,161,163,True,613.512,7,1257,"[2064, 2064, 2064, 2048, 2048, 2048, 2048, 2048, 2048, 2048]","[2048, 2048, 2048, 2048, 2048, 2048, 2048, 2048, 2048, 2048, 2048]","[2048, 2048, 2048, 2048, 2048, 2048]",10009,135
2025-04-12 13:15:41.492000+00:00,10,,54.927,31.036,147,165,True,942.242,10,1257,"[2064, 2064, 2064, 2048, 2048, 2048, 2048, 2048, 2048, 2048]","[2048, 2048, 2048, 2048, 2048, 2048, 2048, 2048, 2048, 2048, 2048]","[2048, 2048, 2048, 2048, 2048, 2048, 2049]",10009,115
2025-04-12 13:15:46.250000+00:00,87,,50.236,41.193,189,204,True,978.747,13,1257,"[2064, 2064, 2064, 2048, 2048, 2048, 2048, 2048, 2048, 2048]","[2048, 2048, 2048, 2048, 2048, 2048, 2048, 2048, 2048, 2048, 2048]","[2048, 2048, 2048, 2048, 2048, 2049, 2049]",10009,71
2025-04-12 13:15:51.601000+00:00,7,,50.173,28.406,173,221,True,1054.286,10,1257,"[2064, 2064, 2064, 2048, 2048, 2048, 2048, 2048, 2048, 2048]","[2048, 2048, 2048, 2048, 2048, 2048, 2048, 2048, 2048, 2048, 2048]","[2048, 2048, 2048, 2048, 2048, 2048, 2048]",10009,82
2025-04-12 13:16:08.462000+00:00,81,,57.628,26.413,155,170,True,834.406,8,1257,"[2064, 2064, 2064, 2048, 2048, 2048, 2048, 2048, 2048, 2048]","[2048, 2048, 2048, 2048, 2048, 2048, 2048, 2048, 2048, 2048, 2048]","[2048, 2048, 2048, 2048, 2048, 2049, 2049]",10009,45
2025-04-12 13:16:20.668000+00:00,6,,56.065,26.818,176,199,True,440.014,8,1257,"[None, 2064, 2064, 2048, 2048, 2048, 2048, 2048, 2048, 2048]","[2048, 2048, 2048, 2048, 2048, 2048, 2048, 2048, 2048, 2048, 2048]","[2048, 2048, 2048, 2048, 2048, 2049, 2049]",10009,69
2025-04-12 13:16:20.944000+00:00,23,29.546,40.747,23.561,238,266,False,93.854,10,1257,"[2048, 2048, 2048, 2051, 2049, 2049, 2048, 2048, 2049, 2049]","[2049, 2049, 2049, 2049, 2049, 2049, 2049, 2049, 2049, 2049, 2049]","[2049, 2048, 2048, 2048, 2049, 2048]",10009,316
2025-04-12 13:16:23.274000+00:00,12,,58.89,25.504,149,183,True,673.879,7,1257,"[2064, 2064, 2064, 2048, 2048, 2048, 2048, 2048, 2048, 2048]","[2048, 2048, 2048, 2048, 2048, 2048, 2048, 2048, 2048, 2048, 2048]","[2048, 2048, 2048, 2048, 2048, 2049, 2049]",10009,39
2025-04-12 13:16:45.297000+00:00,30,,63.274,27.88,149,172,True,409.586,8,1257,"[None, 2064, 2064, 2048, 2048, 2048, 2048, 2048, 2048, 2048]","[2048, 2048, 2048, 2048, 2048, 2048, 2048, 2048, 2048, 2048, 2048]","[2048, 2048, 2048, 2048, 2048, 2048, 2049]",10009,33
2025-04-12 13:16:56.404000+00:00,18,,66.456,40.903,138,129,True,684.604,10,1257,"[2064, 2064, 2064, 2048, 2048, 2048, 2048, 2048, 2048, 2048]","[2048, 2048, 2048, 2048, 2048, 2048, 2048, 2048, 2048, 2048, 2048]","[2048, 2048, 2048, 2048, 2048, 2048, 2048]",10009,60
2025-04-12 13:17:01.655000+00:00,14,45.638,63.933,36.781,165,159,False,146.352,12,1257,"[None, 2048, 2048, 2048, 2048, 2048, 2048, 2048, 2048, 2048]","[2048, 2048, 2048, 2048, 2048, 2048, 2048, 2048, 2048, 2048, 2048]","[2048, 2048, 2048, 2048, 2048, 2048, 2064]",10009,194
2025-04-12 13:17:08.590000+00:00,31,,59.481,46.576,145,101,True,593.494,12,1257,"[2064, 2064, 2064, 2048, 2048, 2048, 2048, 2048, 2048, 2048]","[2048, 2048, 2048, 2048, 2048, 2048, 2048, 2048, 2048, 2048, 2048]","[2048, 2048, 2048, 2048, 2048, 2048, 2048]",10009,67
2025-04-12 13:17:31.540000+00:00,1,29.558,40.128,23.341,237,269,False,93.027,8,1257,"[2049, 2049, 2048, 2049, 2049, 2049, 2049, 2049, 2048, 2048]","[2048, 2049, 2048, 2048, 2048, 2049, 2049, 2048, 2049, 2048, 2048]","[2048, 2049, 2049, 2049, 2051, 2048, 2049]",10009,314
2025-04-12 13:17:38.893000+00:00,4,29.951,46.918,44.721,234,144,False,121.59,12,1257,"[2049, 2049, 2049, 2049, 2049, 2051, 2051, 2049, 2048, 2048]","[2049, 2048, 2049, 2049, 2049, 2051, 2051, 2049, None, None, 2048]","[2048, 2048, 2048, 2048, 2048, 2048, 2064]",10009,315
2025-04-12 13:17:45.296000+00:00,22,53.7,60.487,35.718,90,187,False,149.905,10,1257,"[2049, 2049, 2049, 2049, 2048, 2048, 2048, 2048, 2048, 2048]","[2048, 2048, 2048, 2048, 2048, 2048, 2048, 2048, 2048, 2048, 2048]","[2048, 2048, 2048, 2048, 2048, 2048, 2064]",10009,
2025-04-12 13:17:51.455000+00:00,10,29.629,40.023,23.322,240,272,False,92.974,11,1257,"[2049, 2049, 2049, 2049, 2049, 2049, 2049, 2049, 2049, 2049]","[2049, 2049, 2049, 2049, 2049, 2049, 2049, 2048, 2049, 2051, 2049]","[2049, 2049, 2049, 2049, 2048, 2048, 2048]",10009,319
2025-04-12 13:17:54.702000+00:00,23,59.523,75.245,39.745,71,121,False,174.513,11,1257,"[None, 2048, 2048, 2048, 2048, 2048, 2048, 2048, 2048, 2048]","[2048, 2048, 2048, 2048, 2048, 2048, 2048, 2048, 2048, 2048, 2048]","[2048, 2048, 2048, 2048, 2048, 2048, 2064]",10009,95
2025-04-12 13:17:56.627000+00:00,5,30.24,41.295,26.373,237,269,False,97.908,11,1257,"[2048, 2049, 2048, 2048, 2048, 2048, 2048, 2048, 2048, 2048]","[2048, 2048, 2048, 2048, 2048, 2048, 2048, 2048, 2048, 2048, 2048]","[2048, 2049, 2048, 2048, 2049, 2048, 2064]",10009,318
2025-04-12 13:18:02.508000+00:00,87,29.824,40.671,23.84,237,274,False,94.335,14,1257,"[2049, 2049, 2049, 2049, 2049, 2049, 2049, 2049, 2049, 2049]","[2049, 2049, 2049, 2048, 2049, 2049, 2049, 2049, 2049, 2049, 2049]","[2049, 2049, 2049, 2051, 2049, 2048, 2048]",10009,319
2025-04-12 13:18:09.906000+00:00,7,29.501,45.3,39.326,241,137,False,114.127,11,1257,"[2048, 2049, 2049, 2049, 2049, 2049, 2049, 2049, 2049, 2049]","[2049, 2049, 2049, 2049, 2049, 2049, 2049, 2051, 2048, 2048, 2048]","[2048, 2048, 2048, 2048, 2048, 2048, 2048]",10009,320
2025-04-12 13:18:26.649000+00:00,81,29.144,39.575,22.927,242,272,False,91.646,9,1257,"[2049, 2049, 2049, 2049, 2051, 2048, 2049, 2049, 2051, 2049]","[2049, 2051, 2051, 2051, 2049, 2049, 2049, 2049, 2051, 2051, 2049]","[2051, 2051, 2051, 2049, 2051, 2049, 2049]",10009,315
2025-04-12 13:18:36.018000+00:00,6,29.504,40.299,23.22,239,273,False,93.023,9,1257,"[2049, 2049, 2049, 2049, 2049, 2049, 2049, 2049, 2049, 2049]","[2049, 2049, 2049, 2049, 2049, 2049, 2049, 2049, 2049, 2049, 2049]","[2049, 2049, 2049, 2049, 2048, 2048, 2048]",10009,320
2025-04-12 13:18:41.619000+00:00,63,,68.552,28.308,133,145,True,366.941,8,1257,"[2064, 2064, 2064, 2048, 2048, 2048, 2048, 2048, 2048, 2048]","[2048, 2048, 2048, 2048, 2048, 2048, 2048, 2048, 2048, 2048, 2048]","[2048, 2048, 2048, 2048, 2048, 2049, 2048]",10009,130
2025-04-12 13:18:54.543000+00:00,12,29.327,40.403,23.186,242,272,False,92.916,8,1257,"[2049, 2049, 2049, 2049, 2049, 2049, 2049, 2049, 2049, 2051]","[2049, 2049, 2049, 2049, 2049, 2049, 2049, 2049, 2049, 2049, 2049]","[2049, 2049, 2049, 2049, 2049, 2049]",10009,319
2025-04-12 13:19:04.520000+00:00,1,45.114,69.682,33.249,126,156,False,148.045,9,1257,"[2048, 2048, 2048, 2048, 2048, 2048, 2048, 2048, 2048, 2048]","[2048, 2048, 2048, 2048, 2048, 2048, 2048, 2048, 2048, 2048, 2048]","[2048, 2048, 2048, 2048, 2048, 2048, 2064]",10009,186
2025-04-12 13:19:14.150000+00:00,30,29.571,40.482,23.317,240,273,False,93.37,9,1257,"[2049, 2049, 2049, 2048, 2049, 2049, 2049, 2051, 2048, 2049]","[2049, 2049, 2049, 2049, 2049, 2049, 2049, 2048, 2049, 2049, 2049]","[2049, 2049, 2049, 2049, 2049, 2049, 2048]",10009,320
2025-04-12 13:19:24.311000+00:00,10,47.736,74.971,42.18,106,133,False,164.887,12,1257,"[2048, 2048, 2048, 2048, 2048, 2048, 2048, 2048, 2048, 2048]","[2048, 2048, 2048, 2048, 2048, 2048, 2048, 2048, 2048, 2048, 2048]","[2048, 2048, 2048, 2048, 2048, 2048, 2064]",10009,243
2025-04-12 13:19:36.779000+00:00,87,52.092,53.177,29.911,81,200,False,135.18,15,1257,"[2048, 2048, 2048, 2048, 2048, 2048, 2048, 2048, 2048, 2048]","[2048, 2048, 2048, 2048, 2048, 2048, 2048, 2048, 2048, 2048, 2048]","[2048, 2048, 2048, 2048, 2048, 2048, 2064]",10009,188
2025-04-12 13:19:40.737000+00:00,18,29.773,40.506,31.549,238,270,False,101.828,11,1257,"[2048, 2048, 2048, 2049, 2049, 2049, 2049, 2049, 2049, 2048]","[2049, 2049, 2048, 2049, 2049, 2049, 2049, 2049, 2049, 2048, 2048]","[2049, 2048, 2048, 2049, 2048, 2048, 2064]",10009,314
2025-04-12 13:19:47.690000+00:00,31,29.618,40.271,23.351,240,271,False,93.24,13,1257,"[2049, 2049, 2049, 2049, 2049, 2049, 2049, 2049, 2049, 2049]","[2049, 2049, 2049, 2051, 2049, 2049, 2049, 2049, 2049, 2049, 2049]","[2049, 2049, 2049, 2049, 2049, 2049, 2049]",10009,316
2025-04-12 13:19:54.875000+00:00,55,,50.946,25.714,176,194,True,457.279,9,1257,"[2064, 2064, 2064, 2048, 2048, 2048, 2048, 2048, 2048, 2048]","[2048, 2048, 2048, 2048, 2048, 2048, 2048, 2048, 2048, 2048, 2048]","[2048, 2048, 2048, 2048, 2048, 2051, 2048]",10009,164
2025-04-12 13:19:55.826000+00:00,14,68.234,61.001,30.011,182,128,True,159.246,13,1257,"[2064, 2064, 2064, 2048, 2048, 2048, 2048, 2048, 2048, 2048]","[2048, 2048, 2048, 2048, 2048, 2048, 2048, 2048, 2048, 2048, 2048]","[2048, 2048, 2048, 2048, 2048, 2048, 2048]",10009,137
2025-04-12 13:19:58.242000+00:00,81,35.297,47.587,31.679,200,188,False,114.563,10,1257,"[2048, 2048, 2048, 2048, 2048, 2048, 2048, 2048, 2048, 2048]","[2048, 2048, 2048, 2048, 2048, 2048, 2048, 2048, 2048, 2048, 2048]","[2048, 2048, 2048, 2048, 2048, 2048, 2064]",10009,239
2025-04-12 13:20:04.130000+00:00,7,50.713,69.004,40.162,136,153,False,159.879,12,1257,"[None, 2048, 2048, 2048, 2048, 2048, 2048, 2048, 2048, 2048]","[2048, 2048, 2048, 2048, 2048, 2048, 2048, 2048, 2048, 2048, 2048]","[2048, 2048, 2048, 2048, 2048, 2048, 2064]",10009,134
2025-04-12 13:20:06.813000+00:00,4,69.6,63.675,28.503,137,154,True,161.778,13,1257,"[2064, 2064, 2064, 2048, 2048, 2048, 2048, 2048, 2048, 2048]","[2048, 2048, 2048, 2048, 2048, 2048, 2048, 2048, 2048, 2048, 2048]","[2048, 2048, 2048, 2048, 2048, 2049, 2048]",10009,104
2025-04-12 13:20:08.900000+00:00,6,42.937,50.693,29.691,174,255,False,123.321,10,1257,"[2048, 2048, 2048, 2048, 2048, 2048, 2048, 2048, 2048, 2048]","[2048, 2048, 2048, 2048, 2048, 2048, 2048, 2048, 2048, 2048, 2048]","[2048, 2048, 2048, 2048, 2048, 2048, 2064]",10009,103
2025-04-12 13:20:26.250000+00:00,16,,65.521,28.04,155,151,True,751.66,13,1257,"[2064, 2064, 2064, 2048, 2048, 2048, 2048, 2048, 2048, 2048]","[2048, 2048, 2048, 2048, 2048, 2048, 2048, 2048, 2048, 2048, 2048]","[2048, 2048, 2048, 2048, 2048, 0, 0]",10009,74
2025-04-12 13:20:27.369000+00:00,12,40.791,52.611,30.261,160,186,False,123.663,9,1257,"[2048, 2048, 2048, 2048, 2048, 2048, 2048, 2048, 2048, 2048]","[2048, 2048, 2048, 2048, 2048, 2048, 2048, 2048, 2048, 2048, 2048]","[2048, 2048, 2048, 2048, 2048, 2048, 2064]",10009,233
2025-04-12 13:20:38.545000+00:00,44,,63.246,28.488,124,177,True,780.359,13,1257,"[2064, 2064, 2064, 2048, 2048, 2048, 2048, 2048, 2048, 2048]","[2048, 2048, 2048, 2048, 2048, 2048, 2048, 2048, 2048, 2048, 2048]","[2048, 2048, 2048, 2048, 2048, 2048, 2048]",10009,109
2025-04-12 13:20:47.500000+00:00,30,44.594,60.227,32.889,135,151,False,137.71,10,1257,"[2048, 2048, 2048, 2048, 2048, 2048, 2048, 2048, 2048, 2048]","[2048, 2048, 2048, 2048, 2048, 2048, 2048, 2048, 2048, 2048, 2048]","[2048, 2048, 2048, 2048, 2048, 2048, 2064]",10009,244
2025-04-12 13:21:01.342000+00:00,63,29.574,40.174,23.079,240,273,False,92.827,9,1257,"[2048, 2048, 2048, 2048, 2048, 2049, 2051, 2049, 2049, 2049]","[2049, 2049, 2049, 2051, 2049, 2049, 2049, 2049, 2049, 2049, 2049]","[2049, 2051, 2051, 2049, 2049, 2051, 2049]",10009,317
2025-04-12 13:21:20.907000+00:00,31,34.949,47.25,28.518,196,242,False,110.717,14,1257,"[2048, 2048, 2048, 2048, 2048, 2048, 2048, 2048, 2048, 2048]","[2048, 2048, 2048, 2048, 2048, 2048, 2048, 2048, 2048, 2048, 2048]","[2048, 2048, 2048, 2048, 2048, 2048, 2064]",10009,249
2025-04-12 13:21:45.674000+00:00,55,29.554,40.043,23.495,240,270,False,93.092,10,1257,"[2048, 2048, 2048, 2049, 2049, 2051, 2049, 2049, 2049, 2049]","[2049, 2049, 2049, 2049, 2049, 2049, 2049, 2049, 2049, 2049, 2049]","[2048, 2049, 2049, 2049, 2049, 2048, 2048]",10009,316
2025-04-12 13:22:07.341000+00:00,14,29.74,40.251,23.557,241,270,False,93.548,14,1257,"[2048, 2048, 2048, 2048, 2048, 2048, 2049, 2049, 2048, 2049]","[2049, 2048, 2049, 2049, 2049, 2048, 2048, 2049, 2049, 2049, 2049]","[2048, 2048, 2048, 2048, 2049, 2048, 2048]",10009,315
2025-04-12 13:22:22.276000+00:00,4,29.392,39.78,23.142,242,273,False,92.314,14,1257,"[2048, 2048, 2048, 2049, 2048, 2048, 2048, 2049, 2049, 2051]","[2049, 2048, 2048, 2049, 2048, 2048, 2048, 2048, 2051, 2049, 2049]","[2048, 2049, 2049, 2049, 2049, 2048, 2048]",10009,313
2025-04-12 13:22:34.095000+00:00,63,41.666,54.765,32.021,182,162,False,128.452,10,1257,"[None, 2048, 2048, 2048, 2048, 2048, 2048, 2048, 2048, 2048]","[2048, 2048, 2048, 2048, 2048, 2048, 2048, 2048, 2048, 2048, 2048]","[2048, 2048, 2048, 2048, 2048, 2048, 2064]",10009,146
2025-04-12 13:22:39.225000+00:00,10,81.669,72.972,26.318,109,175,True,180.959,13,1257,"[2064, 2064, 2064, 2048, 2048, 2048, 2048, 2048, 2048, 2048]","[2048, 2048, 2048, 2048, 2048, 2048, 2048, 2048, 2048, 2048, 2048]","[2048, 2048, 2048, 2048, 2048, 2049, 2049]",10009,102
2025-04-12 13:22:51.301000+00:00,16,29.393,39.995,23.092,241,270,False,92.48,14,1257,"[2048, 2048, 2048, 2049, 2049, 2049, 2049, 2049, 2049, 2049]","[2049, 2049, 2049, 2049, 2048, 2049, 2049, 2048, 2049, 2049, 2049]","[2049, 2049, 2048, 2049, 2051, 2048, 2048]",10009,317
2025-04-12 13:22:59.270000+00:00,44,29.676,40.196,23.239,237,273,False,93.111,14,1257,"[2049, 2049, 2049, 2048, 2049, 2049, 2049, 2049, 2049, 2048]","[2049, 2049, 2049, 2049, 2049, 2049, 2049, 2049, 2048, 2048, 2048]","[2049, 2049, 2049, 2049, 2049, 2048]",10009,318
2025-04-12 13:23:01.125000+00:00,7,59.475,51.75,27.102,167,221,True,138.327,13,1257,"[2064, 2064, 2064, 2048, 2048, 2048, 2048, 2048, 2048, 2048]","[2048, 2048, 2048, 2048, 2048, 2048, 2048, 2048, 2048, 2048, 2048]","[2048, 2048, 2048, 2048, 2048, 2049]",10009,123
2025-04-12 13:23:15.290000+00:00,5,,43.535,26.398,232,255,True,339.14,12,1257,"[2064, 2064, 2064, 2048, 2048, 2048, 2048, 2048, 2048, 2048]","[2048, 2048, 2048, 2048, 2048, 2048, 2048, 2048, 2048, 2048, 2048]","[2048, 2048, 2048, 2048, 2048, 2048, 2064]",10009,184
2025-04-12 13:23:18.647000+00:00,55,42.816,64.383,36.255,145,131,False,143.454,11,1257,"[None, 2048, 2048, 2048, 2048, 2048, 2048, 2048, 2048, 2048]","[2048, 2048, 2048, 2048, 2048, 2048, 2048, 2048, 2048, 2048, 2048]","[2048, 2048, 2048, 2048, 2048, 2048, 2064]",10009,151
2025-04-12 13:23:40.844000+00:00,14,33.674,45.461,29.92,214,213,False,109.055,15,1257,"[None, 2048, 2048, 2048, 2048, 2048, 2048, 2048, 2048, 2048]","[2048, 2048, 2048, 2048, 2048, 2048, 2048, 2048, 2048, 2048, 2048]","[2048, 2048, 2048, 2048, 2048, 2048, 2064]",10009,263
2025-04-12 13:23:54.513000+00:00,4,37.849,53.326,32.988,155,158,False,124.163,15,1257,"[None, 2048, 2048, 2048, 2048, 2048, 2048, 2048, 2048, 2048]","[2048, 2048, 2048, 2048, 2048, 2048, 2048, 2048, 2048, 2048, 2048]","[2048, 2048, 2048, 2048, 2048, 2048, 2064]",10009,239
2025-04-12 13:24:23.595000+00:00,16,51.961,74.883,39.913,105,134,False,166.757,15,1257,"[2049, 2048, 2048, 2048, 2048, 2048, 2048, 2048, 2048, 2048]","[2048, 2048, 2048, 2048, 2048, 2048, 2048, 2048, 2048, 2048, 2048]","[2048, 2048, 2048, 2048, 2048, 2048, 2064]",10009,195
2025-04-12 13:24:32.896000+00:00,44,58.994,97.71,51.762,64,93,False,208.466,15,1257,"[2048, 2048, 2048, 2048, 2048, 2048, 2048, 2048, 2048, 2048]","[2048, 2048, 2048, 2048, 2048, 2048, 2048, 2048, 2048, 2048, 2048]","[2048, 2048, 2048, 2048, 2048, 2048, 2064]",10009,149
2025-04-12 13:25:02.438000+00:00,7,29.815,40.342,23.19,239,272,False,93.347,14,1257,"[2048, 2048, 2048, 2048, 2048, 2048, 2048, 2049, 2048, 2048]","[2048, 2048, 2048, 2048, 2048, 2049, 2049, 2048, 2049, 2049, 2049]","[2049, 2049, 2049, 2049, 2049, 2048, 2048]",10009,317
2025-04-12 13:25:10.266000+00:00,10,43.586,64.55,30.059,141,138,False,138.195,14,1257,"[2048, 2048, 2048, 2049, 2048, 2048, 2048, 2048, 2048, 2048]","[2048, 2048, 2048, 2048, 2048, 2048, 2048, 2048, 2048, 2048, 2048]","[2048, 2048, 2048, 2048, 2048, 2048, 2048]",10009,317
2025-04-12 13:25:14.136000+00:00,6,,43.67,26.583,231,259,True,300.482,11,1257,"[2064, 2064, 2064, 2048, 2048, 2048, 2048, 2048, 2048, 2048]","[2048, 2048, 2048, 2048, 2048, 2048, 2048, 2048, 2048, 2048, 2048]","[2048, 2048, 2048, 2048, 2048, 2048, 2064]",10009,171
2025-04-12 13:25:15.987000+00:00,18,,78.996,45.952,116,111,True,401.774,12,1257,"[2064, 2064, 2064, 2048, 2048, 2048, 2048, 2048, 2048, 2048]","[2048, 2048, 2048, 2048, 2048, 2048, 2048, 2048, 2048, 2048, 2048]","[2048, 2048, 2048, 2048, 2048, 2048, 2048]",10009,142
2025-04-12 13:25:25.668000+00:00,23,,49.513,25.624,159,209,True,391.62,12,1257,"[2064, 2064, 2064, 2048, 2048, 2048, 2048, 2048, 2048, 2048]","[2048, 2048, 2048, 2048, 2048, 2048, 2048, 2048, 2048, 2048, 2048]","[2048, 2048, 2048, 2048, 2048, 2049, 2048]",10009,123
2025-04-12 13:25:34.041000+00:00,5,67.083,42.669,28.171,238,241,True,137.923,13,1257,"[None, 2064, 2064, 2048, 2048, 2048, 2048, 2048, 2048, 2048]","[2048, 2048, 2049, 2048, 2048, 2048, 2048, 2048, 2048, 2048, 2048]","[2048, 2048, 2048, 2048, 2048, 2048, 2064]",10009,195
2025-04-12 13:25:44.605000+00:00,22,,56.026,26.214,139,202,True,455.296,11,1257,"[2064, 2064, 2064, 2048, 2048, 2048, 2048, 2048, 2048, 2048]","[2048, 2048, 2048, 2048, 2048, 2048, 2048, 2048, 2048, 2048, 2048]","[2048, 2048, 2048, 2048, 2048, 2048, 2048]",10009,113
2025-04-12 13:26:06.905000+00:00,30,,67.911,28.152,127,159,True,325.252,11,1257,"[2064, 2064, 2064, 2048, 2048, 2048, 2048, 2048, 2048, 2048]","[2048, 2048, 2048, 2048, 2048, 2048, 2048, 2048, 2048, 2048, 2048]","[2048, 2048, 2048, 2048, 2048, 2048, 2048]",10009,105
2025-04-12 13:26:35.551000+00:00,7,43.701,59.933,35.336,139,170,False,138.97,15,1257,"[None, 2048, 2048, 2048, 2048, 2048, 2048, 2048, 2048, 2048]","[2048, 2048, 2048, 2048, 2048, 2048, 2048, 2048, 2048, 2048, 2048]","[2048, 2048, 2048, 2048, 2048, 2048, 2064]",10009,193
2025-04-12 13:27:17.819000+00:00,1,,62.327,32.245,149,190,True,484.4,10,1257,"[2064, 2064, 2064, 2048, 2048, 2048, 2048, 2048, 2048, 2048]","[2048, 2048, 2048, 2048, 2048, 2048, 2048, 2048, 2048, 2048, 2048]","[2048, 2048, 2048, 2048, 2048, 2048, 2048]",10009,132
2025-04-12 13:27:20.918000+00:00,23,29.748,59.357,28.67,238,131,False,117.775,13,1257,"[2048, 2048, 2048, 2048, 2048, 2048, 2048, 2048, 2049, 2049]","[2049, 2049, 2049, 2049, 2048, 2048, 2048, 2048, 2048, 2048, 2048]","[2048, 2048, 2048, 2048, 2048, 2049, 2048]",10009,311
2025-04-12 13:27:28.357000+00:00,10,29.779,40.134,23.181,240,271,False,93.094,15,1257,"[None, 2048, 2048, 2048, 2049, 2048, 2048, 2048, 2049, 2048]","[2049, 2048, 2048, 2049, 2049, 2048, 2048, 2048, 2049, 2048, 2048]","[2048, 2048, 2048, 2048, 2051, 2048, 2048]",10009,314
2025-04-12 13:27:34.220000+00:00,16,72.081,51.354,36.848,110,125,True,160.283,16,1257,"[2064, 2064, 2064, 2048, 2048, 2048, 2048, 2048, 2048, 2048]","[2048, 2048, 2048, 2048, 2048, 2048, 2048, 2048, 2048, 2048, 2048]","[2048, 2048, 2048, 2048, 2048, 2048, 2048]",10009,115
2025-04-12 13:27:37.682000+00:00,6,69.78,43.342,24.568,235,253,True,137.69,12,1257,"[None, 2064, 2064, 2048, 2048, 2048, 2048, 2048, 2048, 2048]","[2048, 2048, 2048, 2048, 2048, 2048, 2048, 2048, 2048, 2048, 2048]","[2048, 2048, 2048, 2048, 2048, 2048, 2048]",10009,202
2025-04-12 13:27:42.660000+00:00,55,,55.572,30.618,162,206,True,240.32,12,1257,"[2064, 2064, 2064, 2048, 2048, 2048, 2048, 2048, 2048, 2048]","[2048, 2048, 2048, 2048, 2048, 2048, 2048, 2048, 2048, 2048, 2048]","[2048, 2048, 2048, 2048, 2048, 2048, 2048]",10009,149
2025-04-12 13:27:50.493000+00:00,22,30.369,41.282,23.62,234,270,False,95.271,12,1257,"[2048, 2048, 2048, 2048, 2048, 2048, 2048, 2048, 2048, 2048]","[2048, 2048, 2049, 2048, 2049, 2048, 2048, 2049, 2049, 2048, 2048]","[2048, 2048, 2048, 2048, 2048, 2048, 2048]",10009,312
2025-04-12 13:27:52.353000+00:00,5,68.416,58.389,33.148,152,102,True,159.953,14,1257,"[None, 2064, 2064, 2048, 2048, 2048, 2048, 2048, 2048, 2048]","[2048, 2048, 2048, 2048, 2048, 2048, 2048, 2048, 2048, 2048, 2048]","[2048, 2048, 2048, 2048, 2048, 2048, 2048]",10009,186
2025-04-12 13:28:04.265000+00:00,18,29.88,40.797,23.686,241,266,False,94.363,13,1257,"[2048, 2048, 2048, 2049, 2048, 2048, 2048, 2048, 2048, 2049]","[2049, 2048, 2048, 2048, 2048, 2048, 2048, 2048, 2048, 2048, 2048]","[2048, 2048, 2048, 2048, 2049, 2048, 2048]",10009,311
2025-04-12 13:28:19.923000+00:00,12,,53.953,29.177,156,185,True,491.299,10,1257,"[2064, 2064, 2064, 2048, 2048, 2048, 2048, 2048, 2048, 2048]","[2048, 2048, 2048, 2048, 2048, 2048, 2048, 2048, 2048, 2048, 2048]","[2048, 2048, 2048, 2048, 2048, 2048, 2048]",10009,109
2025-04-12 13:28:28.191000+00:00,44,69.996,55.342,31.479,156,134,True,156.817,16,1257,"[2064, 2064, 2064, 2048, 2048, 2048, 2048, 2048, 2048, 2048]","[2048, 2048, 2048, 2048, 2048, 2048, 2048, 2048, 2048, 2048, 2048]","[2048, 2048, 2048, 2048, 2048, 2049, 2048]",10009,135
2025-04-12 13:28:30.524000+00:00,30,30.103,40.506,23.541,237,270,False,94.15,12,1257,"[2048, 2048, 2048, 2048, 2048, 2048, 2048, 2048, 2048, 2048]","[2048, 2049, 2049, 2048, 2049, 2048, 2048, 2048, 2049, 2048, 2048]","[2048, 2048, 2048, 2048, 2049, 2048, 2048]",10009,313
2025-04-12 13:28:36.505000+00:00,81,,57.708,31.782,150,170,True,535.064,11,1257,"[2064, 2064, 2064, 2048, 2048, 2048, 2048, 2048, 2048, 2048]","[2048, 2048, 2048, 2048, 2048, 2048, 2048, 2048, 2048, 2048, 2048]","[2048, 2048, 2048, 2048, 2048, 2048, 2048]",10009,102
2025-04-12 13:28:43.357000+00:00,87,,43.187,24.555,227,249,True,518.352,16,1257,"[2064, 2064, 2064, 2048, 2048, 2048, 2048, 2048, 2048, 2048]","[2048, 2048, 2048, 2048, 2048, 2048, 2048, 2048, 2048, 2048, 2048]","[2048, 2048, 2048, 2048, 2049, 2048, 2048]",10009,194
2025-04-12 13:28:46.141000+00:00,14,,46.944,26.025,192,190,True,319.942,16,1257,"[2064, 2064, 2064, 2048, 2048, 2048, 2048, 2048, 2048, 2048]","[2048, 2048, 2048, 2048, 2048, 2048, 2048, 2048, 2048, 2048, 2048]","[2048, 2048, 2048, 2048, 2048, 2048, 2048]",10009,142
2025-04-12 13:28:54.580000+00:00,31,,64.383,32.344,71,167,True,505.789,15,1257,"[2064, 2064, 2064, 2048, 2048, 2048, 2048, 2048, 2048, 2048]","[2048, 2048, 2048, 2048, 2048, 2048, 2048, 2048, 2048, 2048, 2048]","[2048, 2048, 2048, 2048, 2048, 2048, 2048]",10009,192
2025-04-12 13:29:01.571000+00:00,10,42.798,59.282,27.953,133,117,False,130.033,16,1257,"[None, 2048, 2048, 2048, 2048, 2048, 2048, 2048, 2048, 2048]","[2048, 2048, 2048, 2048, 2048, 2048, 2048, 2048, 2048, 2048, 2048]","[2048, 2048, 2048, 2048, 2048, 2049, 2048]",10009,274
2025-04-12 13:29:18.501000+00:00,63,,60.091,31.322,157,151,True,433.475,11,1257,"[2064, 2064, 2064, 2048, 2048, 2048, 2048, 2048, 2048, 2048]","[2048, 2048, 2048, 2048, 2048, 2048, 2048, 2048, 2048, 2048, 2048]","[2048, 2048, 2048, 2048, 2048, 2048, 2048]",10009,151
2025-04-12 13:29:18.662000+00:00,23,29.698,40.61,23.445,,265,False,93.753,14,1257,"[None, 2048, 2048, 2048, 2048, 2048, 2048, 2048, 2048, 2048]","[2048, 2048, 2048, 2049, 2049, 2049, 2049, 2048, 2049, 2048, 2048]","[2049, 2048, 2048, 2048, 2049, 2048, 2048]",10009,315
2025-04-12 13:29:23.187000+00:00,7,88.44,50.067,27.158,190,173,True,165.665,16,1257,"[2064, 2064, 2064, 2048, 2048, 2048, 2048, 2048, 2048, 2048]","[2048, 2048, 2048, 2048, 2048, 2048, 2048, 2048, 2048, 2048, 2048]","[2048, 2048, 2048, 2048, 2048, 2048, 2048]",10009,162
2025-04-12 13:29:25.725000+00:00,22,46.111,56.369,28.059,76,190,False,130.539,13,1257,"[None, 2048, 2048, 2048, 2048, 2048, 2048, 2048, 2048, 2048]","[2048, 2048, 2048, 2048, 2048, 2048, 2048, 2048, 2048, 2048, 2048]","[2048, 2048, 2048, 2048, 2048, 2048, 2048]",10009,223
2025-04-12 13:29:31.162000+00:00,6,31.505,42.534,24.018,233,254,False,98.057,13,1257,"[2048, 2048, 2048, 2048, 2048, 2048, 2048, 2048, 2048, 2048]","[2048, 2048, 2048, 2048, 2048, 2048, 2048, 2048, 2048, 2048, 2048]","[2048, 2048, 2048, 2048, 2048, 2048, 2048]",10009,289
2025-04-12 13:29:32.411000+00:00,4,,53.22,28.527,76,175,True,335.87,16,1257,"[2064, 2064, 2064, 2048, 2048, 2048, 2048, 2048, 2048, 2048]","[2048, 2048, 2048, 2048, 2048, 2048, 2048, 2048, 2048, 2048, 2048]","[2048, 2048, 2048, 2048, 2048, 2048, 2048]",10009,135
2025-04-12 13:29:37.020000+00:00,1,29.647,57.446,30.111,236,170,False,117.204,11,1257,"[2048, 2049, 2049, 2048, 2048, 2048, 2048, 2048, 2048, 2048]","[2048, 2049, 2048, 2048, 2048, 2048, 2048, 2048, 2048, 2048, 2048]","[2048, 2048, 2048, 2048, 2048, 2048, 2048]",10009,315
2025-04-12 13:29:38.641000+00:00,18,38.382,63.29,28.55,147,149,False,130.222,14,1257,"[None, 2048, 2048, 2048, 2048, 2048, 2048, 2048, 2048, 2048]","[None, None, 2048, 2048, 2048, 2048, 2048, 2048, 2048, 2048, 2048]","[2048, 2048, 2048, 2048, 2048, 2048, 2048]",10009,209
2025-04-12 13:29:42.469000+00:00,55,29.999,40.476,23.686,240,270,False,94.161,13,1257,"[2048, 2048, 2048, 2048, 2048, 2048, 2049, 2048, 2048, 2048]","[2049, 2048, 2048, 2048, 2048, 2048, 2048, 2048, 2049, 2049, 2048]","[2048, 2048, 2048, 2048, 2049, 2048, 2048]",10009,319
2025-04-12 13:29:50.761000+00:00,16,29.475,41.161,23.212,240,257,False,93.848,17,1257,"[2048, 2048, 2048, 2049, 2049, 2048, 2048, 2048, 2048, 2048]","[2048, 2048, 2048, 2048, 2048, 2048, 2048, 2048, 2048, 2048, 2048]","[2049, 2048, 2048, 2048, 2048, 2048, 2048]",10009,318
2025-04-12 13:30:04.616000+00:00,30,45.347,59.823,44.51,152,165,False,149.68,13,1257,"[None, 2048, 2048, 2048, 2048, 2048, 2048, 2048, 2048, 2048]","[2048, 2048, 2048, 2048, 2048, 2048, 2048, 2048, 2048, 2048, 2048]","[2048, 2048, 2048, 2048, 2048, 2048, 2048]",10009,155
2025-04-12 13:30:11.679000+00:00,5,39.25,48.543,31.993,142,172,False,119.786,15,1257,"[2048, 2048, 2048, 2048, 2048, 2048, 2048, 2048, 2048, 2048]","[2048, 2048, 2048, 2048, 2048, 2048, 2048, 2048, 2048, 2048, 2048]","[2048, 2048, 2048, 2048, 2048, 2048, 2048]",10009,166
2025-04-12 13:30:31.214000+00:00,87,41.302,59.168,34.11,143,160,False,134.58,17,1257,"[2048, 2048, 2048, 2048, 2048, 2048, 2048, 2048, 2048, 2048]","[2048, 2048, 2048, 2048, 2048, 2048, 2048, 2048, 2048, 2048, 2048]","[2048, 2048, 2048, 2048, 2048, 2048, 2048]",10009,223
2025-04-12 13:30:37.539000+00:00,44,29.707,40.127,40.818,237,274,False,110.652,17,1257,"[2048, 2048, 2048, 2048, 2048, 2048, 2048, 2048, 2048, 2048]","[2048, 2048, 2048, 2048, 2048, 2048, 2049, 2048, 2048, 2048, 2048]","[2048, 2048, 2048, 2048, 2048, 2048, 2048]",10009,316
2025-04-12 13:30:42.461000+00:00,12,40.301,51.556,36.756,147,160,False,128.613,11,1257,"[2048, 2048, 2048, 2048, 2048, 2048, 2048, 2048, 2048, 2048]","[2048, 2048, 2048, 2048, 2048, 2048, 2048, 2048, 2048, 2048, 2048]","[2048, 2048, 2048, 2048, 2048, 2048, 2048]",10009,219
2025-04-12 13:30:47.920000+00:00,81,41.812,53.213,41.287,168,203,False,136.312,12,1257,"[2048, 2048, 2048, 2048, 2048, 2048, 2048, 2048, 2048, 2048]","[2048, 2048, 2048, 2048, 2048, 2048, 2048, 2048, 2048, 2048, 2048]","[2048, 2048, 2048, 2048, 2048, 2048, 2048]",10009,202
2025-04-12 13:30:49.906000+00:00,14,36.709,47.821,32.902,187,171,False,117.432,17,1257,"[2048, 2048, 2048, 2048, 2048, 2048, 2048, 2048, 2048, 2048]","[2048, 2048, 2048, 2048, 2048, 2048, 2048, 2048, 2048, 2048, 2048]","[2048, 2048, 2048, 2048, 2048, 2048]",10009,170
2025-04-12 13:30:52.459000+00:00,23,45.691,65.312,41.527,118,123,False,152.53,15,1257,"[None, 2048, 2048, 2048, 2048, 2048, 2048, 2048, 2048, 2048]","[2048, 2048, 2048, 2048, 2048, 2048, 2048, 2048, 2048, 2048, 2048]","[2048, 2048, 2048, 2048, 2048, 2048, 2048]",10009,178
2025-04-12 13:31:08.495000+00:00,6,40.97,66.887,41.729,135,126,False,149.586,14,1257,"[None, 2048, 2048, 2048, 2048, 2048, 2048, 2048, 2048, 2048]","[2048, 2048, 2048, 2048, 2048, 2048, 2048, 2048, 2048, 2048, 2048]","[2048, 2048, 2048, 2048, 2048, 2048, 2048]",10009,285
2025-04-12 13:31:11.604000+00:00,10,33.739,61.861,39.175,135,152,False,134.775,17,1257,"[None, 2048, 2048, 2048, 2048, 2048, 2048, 2048, 2048, 2048]","[2048, 2048, 2048, 2048, 2048, 2048, 2048, 2048, 2048, 2048, 2048]","[2048, 2048, 2048, 2048, 2048, 2048, 2048]",10009,319
2025-04-12 13:31:16.687000+00:00,55,44.094,62.996,41.556,146,144,False,148.646,14,1257,"[None, 2048, 2048, 2048, 2048, 2048, 2048, 2048, 2048, 2048]","[2048, 2048, 2048, 2048, 2048, 2048, 2048, 2048, 2048, 2048, 2048]","[2048, 2048, 2048, 2048, 2048, 2048, 2048]",10009,203
2025-04-12 13:31:24.601000+00:00,16,30.294,49.307,37.168,236,131,False,116.769,18,1257,"[None, 2048, 2048, 2048, 2048, 2048, 2048, 2048, 2048, 2048]","[2048, 2048, 2048, 2048, 2048, 2048, 2048, 2048, 2048, 2048, 2048]","[2048, 2048, 2048, 2048, 2048, 2048, 2048]",10009,294
2025-04-12 13:31:34.197000+00:00,1,41.142,49.935,36.972,173,198,False,128.049,12,1257,"[None, 2048, 2048, 2048, 2048, 2048, 2048, 2048, 2048, 2048]","[2048, 2048, 2048, 2048, 2048, 2048, 2048, 2048, 2048, 2048, 2048]","[2048, 2048, 2048, 2048, 2048, 2048, 2048]",10009,180
2025-04-12 13:31:34.634000+00:00,4,38.204,51.46,34.254,181,198,False,123.918,17,1257,"[2048, 2048, 2048, 2048, 2048, 2048, 2048, 2048, 2048, 2048]","[2048, 2048, 2048, 2048, 2048, 2048, 2048, 2048, 2048, 2048, 2048]","[2048, 2048, 2048, 2048, 2048, 2048, 2048]",10009,200
2025-04-12 13:31:36.365000+00:00,22,40.657,49.418,36.907,167,172,False,126.982,14,1257,"[None, 2048, 2048, 2048, 2048, 2048, 2048, 2048, 2048, 2048]","[2048, 2048, 2048, 2048, 2048, 2048, 2048, 2048, 2048, 2048, 2048]","[2048, 2048, 2048, 2048, 2048, 2048, 2048]",10009,162
2025-04-12 13:31:37.417000+00:00,31,44.336,54.774,38.603,160,172,False,137.713,16,1257,"[2048, 2048, 2048, 2048, 2048, 2048, 2048, 2048, 2048, 2048]","[2048, 2048, 2048, 2048, 2048, 2048, 2048, 2048, 2048, 2048, 2048]","[2048, 2048, 2048, 2048, 2048, 2048]",10009,172
2025-04-12 13:31:40.263000+00:00,7,42.825,57.46,40.651,165,162,False,140.936,17,1257,"[2048, 2048, 2048, 2048, 2048, 2048, 2048, 2048, 2048, 2048]","[2048, 2048, 2048, 2048, 2048, 2048, 2048, 2048, 2048, 2048, 2048]","[2048, 2048, 2048, 2048, 2048, 2048, 2048]",10009,154
2025-04-12 13:31:48.876000+00:00,18,40.102,58.838,40.816,130,178,False,139.756,15,1257,"[None, 2048, 2048, 2048, 2048, 2048, 2048, 2048, 2048, 2048]","[2048, 2048, 2048, 2048, 2048, 2048, 2048, 2048, 2048, 2048, 2048]","[2048, 2048, 2048, 2048, 2048, 2048, 2048]",10009,314
2025-04-12 13:31:56.157000+00:00,63,45.442,58.715,43.039,156,145,False,147.196,12,1257,"[2048, 2048, 2048, 2048, 2048, 2048, 2048, 2048, 2048, 2048]","[2048, 2048, 2048, 2048, 2048, 2048, 2048, 2048, 2048, 2048, 2048]","[2048, 2048, 2048, 2048, 2048, 2048, 2048]",10009,247
2025-04-12 13:32:11.471000+00:00,5,58.774,48.531,31.911,221,172,False,139.216,16,1257,"[None, 2048, 2048, 2048, 2048, 2048, 2048, 2048, 2048, 2048]","[2048, 2048, 2048, 2048, 2048, 2048, 2048, 2048, 2048, 2048, 2048]","[2048, 2048, 2048, 2048, 2048, 2048, 2064]",10009,185
2025-04-12 13:32:28.260000+00:00,44,57.934,43.659,27.69,202,192,False,129.283,18,1257,"[None, 2048, 2048, 2048, 2048, 2048, 2048, 2048, 2048, 2048]","[2048, 2048, 2048, 2048, 2048, 2048, 2048, 2048, 2048, 2048, 2048]","[2048, 2048, 2048, 2048, 2048, 2048, 2064]",10009,255
2025-04-12 13:32:34.365000+00:00,30,65.172,51.316,33.681,197,163,False,150.169,14,1257,"[None, 2048, 2048, 2048, 2048, 2048, 2048, 2048, 2048, 2048]","[2048, 2048, 2048, 2048, 2048, 2048, 2048, 2048, 2048, 2048, 2048]","[2048, 2048, 2048, 2048, 2048, 2048, 2064]",10009,242
2025-04-12 13:32:45.147000+00:00,87,60.397,45.778,28.285,228,163,False,134.46,18,1257,"[None, 2048, 2048, 2048, 2048, 2048, 2048, 2048, 2048, 2048]","[2048, 2048, 2048, 2048, 2048, 2048, 2048, 2048, 2048, 2048, 2048]","[2048, 2048, 2048, 2048, 2048, 2048, 2064]",10009,254
2025-04-12 13:32:47.381000+00:00,14,71.505,42.763,34.749,237,236,False,149.017,18,1257,"[None, 2048, 2048, 2048, 2048, 2048, 2048, 2048, 2048, 2048]","[2048, 2048, 2048, 2048, 2048, 2048, 2048, 2048, 2048, 2048, 2048]","[2048, 2048, 2048, 2048, 2048, 2048, 2064]",10009,261
2025-04-12 13:32:51.209000+00:00,12,69.977,47.672,28.488,224,176,False,146.137,12,1257,"[None, 2048, 2048, 2048, 2048, 2048, 2048, 2048, 2048, 2048]","[2048, 2048, 2048, 2048, 2048, 2048, 2048, 2048, 2048, 2048, 2048]","[2048, 2048, 2048, 2048, 2048, 2048, 2064]",10009,252
2025-04-12 13:33:04.260000+00:00,81,64.636,45.143,30.333,204,166,False,140.112,13,1257,"[None, 2048, 2048, 2048, 2048, 2048, 2048, 2048, 2048, 2048]","[2048, 2048, 2048, 2048, 2048, 2048, 2048, 2048, 2048, 2048, 2048]","[2048, 2048, 2048, 2048, 2048, 2048, 2064]",10009,257
2025-04-12 13:33:21.387000+00:00,16,56.938,45.444,30.496,201,196,False,132.878,19,1257,"[None, 2048, 2048, 2048, 2048, 2048, 2048, 2048, 2048, 2048]","[2048, 2048, 2048, 2048, 2048, 2048, 2048, 2048, 2048, 2048, 2048]","[2048, 2048, 2048, 2048, 2048, 2048, 2064]",10009,263
2025-04-12 13:33:25.015000+00:00,23,57.877,44.469,33.805,235,161,False,136.151,16,1257,"[None, 2048, 2048, 2048, 2048, 2048, 2048, 2048, 2048, 2048]","[2048, 2048, 2048, 2048, 2048, 2048, 2048, 2048, 2048, 2048, 2048]","[2048, 2048, 2048, 2048, 2048, 2048, 2064]",10009,264
2025-04-12 13:33:26.318000+00:00,10,60.405,41.246,,238,221,False,,18,1257,"[None, 2048, 2048, 2048, 2048, 2048, 2048, 2048, 2048, 2048]","[2048, 2048, 2048, 2048, 2048, 2048, 2048, 2048, 2048, 2048, 2048]","[0, 0, 0, 0, 0, 0, 0]",10009,267
2025-04-12 13:33:38.167000+00:00,6,61.79,45.859,26.782,216,255,False,134.431,15,1257,"[None, 2048, 2048, 2048, 2048, 2048, 2048, 2048, 2048, 2048]","[2048, 2048, 2048, 2048, 2048, 2048, 2048, 2048, 2048, 2048, 2048]","[2048, 2048, 2048, 2048, 2048, 2048, 2064]",10009,262
2025-04-12 13:33:38.475000+00:00,4,64.126,50.23,32.56,177,182,False,146.916,18,1257,"[None, 2048, 2048, 2048, 2048, 2048, 2048, 2048, 2048, 2048]","[2048, 2048, 2048, 2048, 2048, 2048, 2048, 2048, 2048, 2048, 2048]","[2048, 2048, 2048, 2048, 2048, 2048, 2064]",10009,235
2025-04-12 13:33:42.269000+00:00,1,62.602,43.017,27.929,236,236,False,133.548,13,1257,"[None, 2048, 2048, 2048, 2048, 2048, 2048, 2048, 2048, 2048]","[2048, 2048, 2048, 2048, 2048, 2048, 2048, 2048, 2048, 2048, 2048]","[2048, 2048, 2048, 2048, 2048, 2048, 2064]",10009,253
2025-04-12 13:33:43.462000+00:00,22,66.341,46.342,31.5,192,195,False,144.183,15,1257,"[None, 2048, 2048, 2048, 2048, 2048, 2048, 2048, 2048, 2048]","[2048, 2048, 2048, 2048, 2048, 2048, 2048, 2048, 2048, 2048, 2048]","[2048, 2048, 2048, 2048, 2048, 2048, 2064]",10009,264
2025-04-12 13:33:45.364000+00:00,55,73.292,49.074,30.225,181,223,False,152.591,15,1257,"[None, 2048, 2048, 2048, 2048, 2048, 2048, 2048, 2048, 2048]","[2048, 2048, 2048, 2048, 2048, 2048, 2048, 2048, 2048, 2048, 2048]","[2048, 2048, 2048, 2048, 2048, 2048, 2064]",10009,253
2025-04-12 13:33:55.067000+00:00,31,61.539,55.975,31.449,186,183,False,148.963,17,1257,"[None, 2048, 2048, 2048, 2048, 2048, 2048, 2048, 2048, 2048]","[2048, 2048, 2048, 2048, 2048, 2048, 2048, 2048, 2048, 2048, 2048]","[2048, 2048, 2048, 2048, 2048, 2048, 2064]",10009,265
2025-04-12 13:34:01.246000+00:00,7,59.345,42.828,,238,258,False,,18,1257,"[None, 2048, 2048, 2048, 2048, 2048, 2048, 2048, 2048, 2048]","[2048, 2048, 2048, 2048, 2048, 2048, 2048, 2048, 2048, 2048, 2048]","[0, 0, 0, 0, 0, 0, 0]",10009,263
2025-04-12 13:34:08.701000+00:00,18,56.524,51.312,,154,149,False,,16,1257,"[None, 2048, 2048, 2048, 2048, 2048, 2048, 2048, 2048, 2048]","[2048, 2048, 2048, 2048, 2048, 2048, 2048, 2048, 2048, 2048, 2048]","[0, 0, 0, 0, 0, 0, 0]",10009,229
2025-04-12 13:34:23.358000+00:00,63,72.084,44.217,,205,252,False,,13,1257,"[None, 2048, 2048, 2048, 2048, 2048, 2048, 2048, 2048, 2048]","[2048, 2048, 2048, 2048, 2048, 2048, 2048, 2048, 2048, 2048, 2048]","[0, 0, 0, 0, 0, 0, 0]",10009,250
